Player,Pos,Age,Tm,G,GS,MP,FG,FGA,FG%,3P,3PA,3P%,2P,2PA,2P%,eFG%,FT,FTA,FT%,ORB,DRB,TRB,AST,STL,BLK,TOV,PF,PTS
Precious Achiuwa,C,23,TOR,38,11,23.3,3.9,8.1,.482,0.5,2.0,.260,3.4,6.1,.557,.515,1.9,2.8,.689,2.0,4.6,6.6,1.0,0.6,0.7,1.2,2.1,10.2
Steven Adams,C,29,MEM,42,42,27.0,3.7,6.3,.597,0.0,0.0,.000,3.7,6.2,.599,.597,1.1,3.1,.364,5.1,6.5,11.5,2.3,0.9,1.1,1.9,2.3,8.6
Bam Adebayo,C,25,MIA,57,57,35.0,8.4,15.7,.536,0.0,0.2,.083,8.4,15.5,.543,.537,4.4,5.5,.800,2.6,7.2,9.8,3.2,1.2,0.8,2.5,2.8,21.2
Ochai Agbaji,SG,22,UTA,39,2,15.6,1.8,3.8,.483,0.9,2.3,.396,0.9,1.5,.621,.604,0.4,0.6,.682,0.7,1.1,1.8,0.6,0.2,0.1,0.3,1.4,5.0
Santi Aldama,PF,22,MEM,56,18,22.0,3.3,7.0,.474,1.4,3.7,.364,2.0,3.3,.601,.571,1.4,1.9,.729,1.0,3.6,4.6,1.2,0.7,0.7,0.7,1.9,9.4
Nickeil Alexander-Walker,SG,24,TOT,40,3,14.5,2.3,4.9,.479,1.0,2.4,.412,1.3,2.4,.546,.582,0.7,1.0,.675,0.3,1.4,1.7,2.0,0.6,0.4,1.2,1.5,6.3
Nickeil Alexander-Walker,SG,24,UTA,36,3,14.7,2.3,4.7,.488,1.0,2.4,.402,1.3,2.3,.578,.591,0.8,1.1,.692,0.2,1.4,1.6,2.1,0.7,0.4,1.3,1.6,6.3
Nickeil Alexander-Walker,SG,24,MIN,4,0,13.0,2.5,6.0,.417,1.3,2.5,.500,1.3,3.5,.357,.521,0.0,0.3,.000,0.5,1.5,2.0,0.5,0.3,0.5,1.0,0.8,6.3
Grayson Allen,SG,27,MIL,56,54,27.6,3.4,7.8,.440,2.0,4.9,.404,1.4,2.8,.503,.569,1.7,1.9,.906,0.9,2.5,3.4,2.4,0.8,0.2,1.1,1.6,10.5
Jarrett Allen,C,24,CLE,57,57,33.2,6.2,9.4,.654,0.0,0.2,.111,6.2,9.3,.664,.655,2.5,3.4,.733,3.2,6.7,9.9,1.6,0.8,1.2,1.5,2.2,14.8
Jose Alvarado,PG,24,NOP,61,10,21.5,3.3,8.0,.411,1.4,4.0,.336,1.9,4.0,.488,.496,1.1,1.3,.813,0.5,1.9,2.3,3.0,1.1,0.2,1.3,2.0,9.0
Kyle Anderson,PF,29,MIN,50,34,26.2,3.2,6.3,.503,0.6,1.4,.423,2.6,4.9,.527,.551,1.7,2.2,.764,0.8,4.1,4.8,4.1,1.1,0.9,1.4,2.1,8.6
Giannis Antetokounmpo,PF,28,MIL,48,48,32.5,11.1,20.7,.538,0.8,2.9,.270,10.3,17.7,.583,.557,8.2,12.7,.646,2.3,9.7,12.0,5.4,0.8,0.8,3.9,3.3,31.3
Thanasis Antetokounmpo,SF,30,MIL,26,0,4.1,0.2,0.8,.250,0.0,0.2,.000,0.2,0.6,.313,.250,0.2,0.3,.500,0.3,0.7,1.0,0.2,0.1,0.1,0.3,0.5,0.5
Cole Anthony,PG,22,ORL,42,3,24.7,4.1,9.4,.435,1.1,3.2,.333,3.0,6.2,.488,.492,2.5,2.8,.890,0.6,3.9,4.5,4.1,0.6,0.6,1.5,2.5,11.8
OG Anunoby,SF,25,TOR,48,48,35.8,6.1,13.4,.453,1.8,5.1,.356,4.3,8.3,.514,.522,2.4,2.9,.825,1.4,3.9,5.4,2.0,2.0,0.8,2.1,3.0,16.4
Ryan Arcidiacono,PG,28,TOT,14,1,4.9,0.3,1.0,.286,0.3,0.6,.444,0.0,0.4,.000,.429,0.0,0.0,,0.0,0.7,0.7,0.6,0.1,0.0,0.2,0.4,0.9
Ryan Arcidiacono,PG,28,NYK,11,0,2.4,0.1,0.5,.200,0.1,0.3,.333,0.0,0.2,.000,.300,0.0,0.0,,0.0,0.4,0.4,0.2,0.2,0.0,0.1,0.3,0.3
Ryan Arcidiacono,PG,28,POR,3,1,14.3,1.0,3.0,.333,1.0,2.0,.500,0.0,1.0,.000,.500,0.0,0.0,,0.0,2.0,2.0,2.0,0.0,0.0,0.7,1.0,3.0
Deni Avdija,SF,22,WAS,58,33,26.3,3.3,7.4,.439,0.9,3.1,.294,2.4,4.4,.539,.499,1.7,2.2,.752,1.0,5.2,6.2,2.6,0.9,0.5,1.5,2.9,9.1
Deandre Ayton,C,24,PHO,53,53,30.3,8.2,13.8,.591,0.1,0.4,.304,8.0,13.4,.600,.595,2.2,3.0,.739,2.8,7.3,10.1,2.0,0.6,0.8,1.9,2.8,18.7
Udoka Azubuike,C,23,UTA,25,0,5.8,0.9,1.1,.852,0.0,0.0,,0.9,1.1,.852,.852,0.1,0.2,.333,0.6,1.6,2.2,0.2,0.2,0.2,0.4,0.5,1.9
Marvin Bagley III,C,23,DET,27,13,21.6,4.7,8.7,.538,0.3,1.4,.243,4.4,7.4,.593,.557,1.6,2.3,.698,2.5,4.1,6.6,0.6,0.5,0.7,0.9,2.0,11.4
Patrick Baldwin Jr.,SF,20,GSW,19,0,8.8,1.9,4.2,.450,1.5,3.3,.468,0.4,0.9,.389,.631,0.2,0.3,.667,0.1,1.5,1.5,0.2,0.3,0.1,0.4,0.4,5.5
,,,,,,,,,,,,,,,,,,,,,,,,,,,,
LaMelo Ball,PG,21,CHO,36,36,35.2,8.2,20.0,.411,4.0,10.6,.376,4.2,9.4,.450,.510,2.8,3.4,.836,1.2,5.3,6.4,8.4,1.3,0.3,3.6,3.3,23.3
Mo Bamba,C,24,TOT,43,6,16.9,2.6,5.3,.485,1.0,2.7,.385,1.5,2.6,.591,.584,0.9,1.4,.661,1.1,3.7,4.8,1.0,0.3,1.0,0.6,2.3,7.1
Mo Bamba,C,24,ORL,40,6,17.0,2.7,5.4,.495,1.1,2.7,.398,1.6,2.7,.594,.596,0.9,1.3,.686,1.2,3.4,4.6,1.1,0.3,1.0,0.6,2.2,7.3
Mo Bamba,C,24,LAL,3,0,14.7,1.3,4.3,.308,0.7,3.0,.222,0.7,1.3,.500,.385,1.3,2.7,.500,0.7,6.7,7.3,0.7,0.0,1.0,1.0,3.7,4.7
Paolo Banchero,PF,20,ORL,55,55,33.7,6.5,15.5,.421,1.1,4.1,.274,5.4,11.4,.474,.457,5.7,7.6,.754,1.2,5.5,6.6,3.6,0.9,0.5,2.7,2.2,19.9
Desmond Bane,SG,24,MEM,37,37,31.1,7.5,16.2,.463,3.0,7.2,.416,4.5,8.9,.502,.556,3.3,3.6,.904,0.7,4.2,5.0,4.1,1.0,0.4,2.2,2.4,21.3
Dalano Banton,PG,23,TOR,27,2,9.3,1.7,4.1,.411,0.5,1.7,.283,1.2,2.4,.500,.469,0.6,0.7,.789,0.3,1.0,1.3,1.1,0.5,0.4,0.6,1.1,4.4
Dominick Barlow,SF,19,SAS,11,0,10.1,1.3,2.4,.538,0.0,0.4,.000,1.3,2.0,.636,.538,0.8,0.9,.900,1.3,1.3,2.5,0.6,0.2,0.2,0.5,1.9,3.4
Harrison Barnes,PF,30,SAC,60,60,32.6,4.5,9.6,.469,1.6,4.4,.370,2.9,5.2,.553,.554,4.1,4.9,.836,1.0,3.6,4.6,1.6,0.8,0.1,1.1,1.3,14.7
Scottie Barnes,PF,21,TOR,59,58,35.3,6.0,13.3,.453,0.9,3.1,.301,5.1,10.2,.499,.488,2.6,3.4,.769,2.3,4.7,7.0,4.8,1.0,0.9,2.1,2.2,15.5
RJ Barrett,SG,22,NYK,56,56,34.1,6.9,16.1,.429,1.8,5.4,.330,5.1,10.7,.479,.484,4.0,5.3,.753,0.9,4.3,5.2,2.8,0.5,0.2,2.3,2.6,19.5
Will Barton,SG,32,WAS,40,0,19.6,2.8,7.1,.387,1.3,3.4,.380,1.5,3.7,.395,.479,0.9,1.1,.778,0.3,2.5,2.8,2.4,0.4,0.3,1.1,1.0,7.7
Charles Bassey,C,22,SAS,28,1,13.9,2.2,3.4,.642,0.1,0.3,.429,2.1,3.1,.659,.658,0.7,1.0,.655,2.1,3.4,5.5,1.3,0.4,0.9,1.1,2.1,5.1
Keita Bates-Diop,SF,27,SAS,47,25,20.6,3.1,6.4,.492,0.6,1.6,.364,2.5,4.7,.536,.538,1.4,1.8,.791,1.0,2.4,3.4,1.2,0.7,0.3,0.8,1.0,8.3
Nicolas Batum,PF,34,LAC,59,11,22.0,2.1,5.0,.418,1.6,4.1,.384,0.5,0.9,.564,.574,0.5,0.7,.667,0.9,3.3,4.2,1.5,0.6,0.7,0.7,2.0,6.3
Darius Bazley,PF,22,OKC,36,1,15.4,2.0,4.4,.449,0.5,1.3,.400,1.5,3.1,.469,.506,1.0,1.8,.554,0.8,2.6,3.4,0.9,0.5,0.8,0.6,1.0,5.4
Bradley Beal,SG,29,WAS,38,38,33.0,8.7,16.8,.515,1.7,4.6,.371,6.9,12.2,.569,.566,3.7,4.4,.839,0.8,2.8,3.6,5.3,0.9,0.7,2.8,1.9,22.7
Malik Beasley,SG,26,TOT,60,16,26.6,4.8,12.2,.396,3.1,8.6,.359,1.7,3.6,.484,.523,0.6,0.8,.787,0.5,3.1,3.5,1.7,0.9,0.1,1.1,1.5,13.4
Malik Beasley,SG,26,UTA,55,13,26.8,4.8,12.2,.396,3.1,8.6,.359,1.7,3.6,.485,.522,0.7,0.8,.841,0.5,3.1,3.6,1.7,0.8,0.1,1.1,1.4,13.4
Malik Beasley,SG,26,LAL,5,3,24.2,5.0,12.8,.391,3.4,9.4,.362,1.6,3.4,.471,.523,0.0,0.6,.000,0.0,2.6,2.6,1.6,1.8,0.0,1.4,2.4,13.4
MarJon Beauchamp,SF,22,MIL,39,9,14.6,2.1,5.2,.396,1.0,3.1,.319,1.1,2.1,.506,.490,0.5,0.7,.724,0.9,1.5,2.4,0.7,0.5,0.1,0.9,1.5,5.6
Dāvis Bertāns,PF,30,DAL,34,0,10.6,1.4,3.3,.423,1.1,2.9,.381,0.3,0.4,.714,.590,0.3,0.4,.833,0.2,0.8,0.9,0.4,0.2,0.1,0.3,1.1,4.1
Patrick Beverley,PG,34,TOT,47,47,26.8,2.1,5.3,.398,1.2,3.5,.341,0.9,1.8,.506,.510,0.9,1.2,.764,0.6,2.6,3.2,2.6,0.9,0.6,0.9,2.7,6.3
Patrick Beverley,PG,34,LAL,45,45,26.9,2.2,5.4,.402,1.2,3.5,.348,0.9,1.8,.506,.517,0.9,1.1,.780,0.5,2.6,3.1,2.6,0.9,0.6,0.9,2.8,6.4
Patrick Beverley,PG,34,CHI,2,2,24.0,1.0,4.0,.250,0.5,3.0,.167,0.5,1.0,.500,.313,1.5,2.5,.600,1.0,4.0,5.0,2.5,0.0,0.5,1.0,2.5,4.0
Saddiq Bey,SF,23,TOT,56,32,28.6,4.6,11.3,.407,2.0,5.5,.358,2.6,5.8,.454,.494,3.3,3.8,.863,1.1,3.5,4.6,1.5,0.9,0.2,1.0,1.6,14.5
Saddiq Bey,SF,23,DET,52,30,28.8,4.7,11.7,.404,1.9,5.6,.345,2.8,6.0,.460,.488,3.5,4.0,.861,1.1,3.5,4.7,1.6,1.0,0.2,1.0,1.7,14.8
Saddiq Bey,SF,23,ATL,4,2,24.8,3.3,7.0,.464,2.5,4.3,.588,0.8,2.8,.273,.643,0.8,0.8,1.000,1.3,3.3,4.5,0.5,0.5,0.3,1.0,1.3,9.8
,,,,,,,,,,,,,,,,,,,,,,,,,,,,
Khem Birch,C,30,TOR,20,0,8.1,1.0,1.6,.594,0.1,0.1,.500,0.9,1.5,.600,.609,0.2,0.3,.800,0.4,0.9,1.3,0.4,0.3,0.3,0.4,1.2,2.2
Goga Bitadze,C,23,TOT,22,0,9.6,1.3,2.5,.527,0.2,0.7,.333,1.1,1.8,.600,.573,0.5,1.1,.480,1.2,1.3,2.5,0.9,0.4,0.5,0.5,1.6,3.4
Goga Bitadze,C,23,IND,21,0,9.6,1.3,2.5,.519,0.2,0.7,.286,1.1,1.8,.605,.558,0.5,1.1,.458,1.2,1.1,2.3,0.9,0.4,0.5,0.6,1.6,3.3
Goga Bitadze,C,23,ORL,1,0,9.0,2.0,3.0,.667,1.0,1.0,1.000,1.0,2.0,.500,.833,1.0,1.0,1.000,1.0,5.0,6.0,1.0,0.0,0.0,0.0,1.0,6.0
Bismack Biyombo,C,30,PHO,46,9,14.0,1.7,3.0,.572,0.0,0.0,,1.7,3.0,.572,.572,0.3,1.1,.314,1.1,3.0,4.1,0.9,0.3,1.3,0.9,1.8,3.8
Buddy Boeheim,PG,23,DET,1,0,1.0,0.0,0.0,,0.0,0.0,,0.0,0.0,,,0.0,0.0,,0.0,0.0,0.0,0.0,0.0,0.0,0.0,0.0,0.0
Bogdan Bogdanović,SG,30,ATL,36,5,29.6,5.4,12.3,.437,2.8,7.1,.394,2.6,5.3,.495,.550,1.1,1.4,.780,0.4,3.0,3.4,3.0,0.9,0.3,1.3,1.7,14.6
Bojan Bogdanović,PF,33,DET,58,58,31.9,7.2,14.8,.487,2.4,5.9,.402,4.9,9.0,.542,.566,4.6,5.2,.883,0.6,3.2,3.7,2.6,0.6,0.1,2.3,1.9,21.4
Bol Bol,PF,23,ORL,57,32,22.9,4.2,7.2,.577,0.5,1.5,.322,3.7,5.7,.645,.611,1.2,1.6,.745,1.1,4.9,6.1,0.8,0.4,1.3,1.7,1.3,10.0
Leandro Bolmaro,SG,22,UTA,14,0,4.9,0.2,1.4,.150,0.0,0.3,.000,0.2,1.1,.188,.150,0.0,0.0,,0.3,0.2,0.5,0.5,0.2,0.1,0.5,0.7,0.4
Devin Booker,SG,26,PHO,35,35,34.1,9.5,20.1,.473,2.1,6.2,.347,7.4,13.9,.529,.526,5.3,6.3,.841,0.8,3.8,4.6,5.7,0.8,0.3,2.5,2.8,26.5
Brandon Boston Jr.,SG,21,LAC,21,1,11.8,2.4,5.8,.421,0.6,1.4,.414,1.9,4.4,.424,.471,1.4,1.8,.763,0.3,1.0,1.4,0.9,0.4,0.0,0.6,1.0,6.8
Chris Boucher,PF,30,TOR,56,0,20.8,3.5,7.2,.489,0.8,2.6,.315,2.7,4.6,.585,.545,1.9,2.5,.739,2.2,3.7,5.9,0.4,0.7,0.9,0.5,2.0,9.7
James Bouknight,SG,22,CHO,26,0,13.6,1.5,4.7,.328,0.6,2.5,.250,0.9,2.2,.414,.393,0.6,0.8,.682,0.2,1.8,2.0,1.1,0.5,0.2,0.7,1.1,4.3
Jamaree Bouyea,PG,23,MIA,4,0,16.3,1.5,3.3,.462,0.5,1.3,.400,1.0,2.0,.500,.538,0.3,0.5,.500,0.3,1.0,1.3,1.0,1.0,0.5,1.0,1.3,3.8
Tony Bradley,C,25,CHI,12,0,2.8,0.5,1.0,.500,0.3,0.4,.600,0.3,0.6,.429,.625,0.3,0.3,1.000,0.1,0.8,0.9,0.1,0.1,0.1,0.1,0.2,1.6
Malaki Branham,SF,19,SAS,47,14,22.4,3.7,8.4,.446,1.2,3.7,.314,2.6,4.7,.550,.515,0.8,1.0,.792,0.4,1.8,2.2,2.0,0.5,0.1,1.1,1.7,9.5
Christian Braun,SG,21,DEN,57,3,15.2,1.8,3.5,.500,0.4,1.1,.391,1.3,2.4,.551,.563,0.4,0.7,.585,0.7,1.7,2.4,0.8,0.5,0.2,0.5,1.2,4.4
Mikal Bridges,SF,26,TOT,61,61,36.1,6.4,13.8,.468,1.9,4.7,.395,4.6,9.1,.505,.535,2.9,3.2,.899,1.0,3.4,4.5,3.5,1.2,0.8,1.4,2.0,17.7
Mikal Bridges,SF,26,PHO,56,56,36.4,6.3,13.6,.463,1.8,4.7,.387,4.5,9.0,.503,.529,2.8,3.1,.897,1.0,3.3,4.3,3.6,1.2,0.8,1.4,2.1,17.2
Mikal Bridges,SF,26,BRK,5,5,32.6,7.8,15.2,.513,2.4,5.0,.480,5.4,10.2,.529,.592,4.4,4.8,.917,1.4,4.6,6.0,2.8,1.2,1.0,1.8,2.0,22.4
Oshae Brissett,SF,24,IND,49,1,16.0,1.7,4.5,.388,0.8,2.4,.333,0.9,2.1,.451,.477,1.2,1.8,.693,0.9,2.5,3.4,0.5,0.6,0.2,0.4,1.3,5.5
Malcolm Brogdon,PG,30,BOS,53,0,25.5,5.2,10.6,.490,2.1,4.4,.464,3.2,6.2,.509,.587,2.4,2.7,.887,0.6,3.5,4.2,3.7,0.6,0.3,1.6,1.6,14.8
Dillon Brooks,SF,27,MEM,54,54,30.4,5.5,14.1,.392,1.8,5.7,.313,3.7,8.3,.447,.456,1.8,2.3,.795,0.6,2.6,3.3,2.5,0.8,0.2,1.5,3.3,14.6
,,,,,,,,,,,,,,,,,,,,,,,,,,,,
Bruce Brown,SG,26,DEN,61,28,28.6,4.4,9.0,.485,1.3,3.4,.380,3.1,5.6,.550,.557,1.1,1.5,.722,0.7,3.2,3.9,3.6,1.0,0.6,1.6,2.4,11.1
Greg Brown III,PF,21,POR,16,0,5.8,0.7,1.8,.393,0.1,0.4,.143,0.6,1.3,.476,.411,0.3,0.8,.417,0.1,1.1,1.2,0.2,0.3,0.3,0.4,0.8,1.8
Jaylen Brown,SF,26,BOS,50,50,35.7,9.9,20.3,.486,2.5,7.5,.336,7.4,12.8,.574,.548,4.3,5.5,.777,1.3,5.8,7.0,3.2,1.1,0.4,3.1,2.7,26.5
Kendall Brown,SG,19,IND,6,0,6.7,0.7,1.2,.571,0.0,0.2,.000,0.7,1.0,.667,.571,0.2,0.3,.500,0.3,0.7,1.0,0.5,0.7,0.0,0.3,1.5,1.5
Moses Brown,C,23,LAC,34,1,8.5,1.8,2.8,.635,0.0,0.0,,1.8,2.8,.635,.635,1.0,2.1,.458,1.7,2.4,4.1,0.1,0.1,0.4,0.4,1.1,4.6
Sterling Brown,SG,27,LAL,4,0,6.0,0.0,1.0,.000,0.0,0.5,.000,0.0,0.5,.000,.000,0.0,0.0,,0.8,1.3,2.0,0.5,0.8,0.0,0.0,1.0,0.0
Troy Brown Jr.,SF,23,LAL,55,31,23.9,2.6,6.0,.434,1.3,3.5,.361,1.4,2.6,.532,.538,0.5,0.5,.963,0.9,3.3,4.2,1.1,0.7,0.1,0.7,1.5,7.0
Jalen Brunson,PG,26,NYK,59,59,35.2,8.4,17.5,.479,1.8,4.6,.401,6.5,12.9,.507,.531,4.9,5.9,.834,0.6,3.0,3.6,6.2,0.9,0.3,2.0,2.3,23.6
Thomas Bryant,C,25,TOT,47,25,20.2,4.4,6.9,.640,0.5,1.1,.431,3.9,5.8,.679,.674,1.9,2.5,.739,1.6,4.9,6.4,0.6,0.3,0.6,0.7,1.8,11.1
Thomas Bryant,C,25,LAL,41,25,21.4,4.8,7.3,.654,0.5,1.2,.440,4.3,6.1,.697,.691,2.0,2.6,.741,1.6,5.2,6.8,0.7,0.3,0.6,0.7,1.9,12.1
Thomas Bryant,C,25,DEN,6,0,12.3,1.5,3.5,.429,0.0,0.2,.000,1.5,3.3,.450,.429,1.3,1.8,.727,1.3,2.7,4.0,0.0,0.2,0.5,1.0,1.5,4.3
Reggie Bullock,SF,31,DAL,60,37,30.3,2.3,5.8,.397,1.9,4.9,.375,0.5,0.9,.519,.556,0.4,0.6,.686,0.5,3.0,3.5,1.4,0.8,0.2,0.5,2.3,6.9
Alec Burks,SG,31,DET,49,7,22.1,4.0,9.0,.441,1.9,4.6,.420,2.0,4.4,.463,.548,3.0,3.7,.816,0.4,2.7,3.0,2.2,0.7,0.1,1.1,1.9,12.8
Deonte Burton,SG,29,SAC,2,0,3.0,0.0,1.0,.000,0.0,0.5,.000,0.0,0.5,.000,.000,0.0,0.0,,0.0,0.0,0.0,0.0,0.0,0.0,0.0,0.0,0.0
Jimmy Butler,SF,33,MIA,47,47,33.4,7.2,14.0,.518,0.5,1.7,.321,6.7,12.3,.544,.537,6.9,8.2,.844,2.2,3.7,5.9,5.1,2.0,0.3,1.7,1.3,21.9
John Butler,C,20,POR,9,0,3.3,0.1,0.6,.200,0.0,0.4,.000,0.1,0.1,1.000,.200,0.0,0.0,,0.1,0.1,0.2,0.1,0.1,0.3,0.0,0.2,0.2
Jamal Cain,SF,23,MIA,14,0,13.3,1.9,3.6,.520,0.1,0.9,.167,1.7,2.7,.632,.540,0.9,1.1,.750,0.9,1.9,2.8,0.6,0.6,0.0,0.3,1.1,4.7
Kentavious Caldwell-Pope,SG,29,DEN,59,59,31.5,4.1,8.5,.480,1.9,4.3,.452,2.1,4.2,.508,.594,1.4,1.6,.842,0.5,2.4,2.9,2.3,1.4,0.5,1.2,2.1,11.4
Facundo Campazzo,PG,31,DAL,8,0,6.5,0.4,1.6,.231,0.4,1.4,.273,0.0,0.3,.000,.346,0.1,0.3,.500,0.0,0.3,0.3,1.1,0.8,0.0,0.4,0.4,1.3
Vlatko Čančar,PF,25,DEN,47,8,16.3,2.1,4.2,.497,0.9,2.1,.412,1.3,2.2,.578,.598,0.6,0.7,.935,0.5,1.9,2.3,1.5,0.4,0.3,0.7,1.6,5.7
Clint Capela,C,28,ATL,45,43,26.6,5.4,8.7,.624,0.0,0.0,.000,5.4,8.7,.626,.624,1.1,1.9,.593,4.2,7.0,11.2,0.8,0.7,1.2,0.8,2.2,12.0
Vernon Carey Jr.,C,21,WAS,11,0,2.5,0.2,0.7,.250,0.0,0.0,,0.2,0.7,.250,.250,0.2,0.2,1.000,0.3,0.7,1.0,0.3,0.2,0.2,0.2,0.5,0.5
,,,,,,,,,,,,,,,,,,,,,,,,,,,,
Jevon Carter,PG,27,MIL,60,33,22.7,2.8,6.6,.422,1.6,3.9,.403,1.3,2.8,.449,.539,0.4,0.5,.781,0.4,2.2,2.7,2.5,1.0,0.4,1.1,2.0,7.6
Wendell Carter Jr.,C,23,ORL,42,39,29.7,5.5,10.7,.517,1.2,3.6,.340,4.3,7.1,.605,.573,2.8,3.7,.739,2.2,6.6,8.7,2.5,0.4,0.6,2.2,3.0,15.0
Alex Caruso,PG,28,CHI,51,21,24.2,1.9,4.3,.442,0.8,2.2,.375,1.1,2.1,.514,.539,0.9,1.1,.793,0.6,2.5,3.1,3.2,1.6,0.6,1.3,2.5,5.5
Julian Champagnie,SF,21,PHI,2,0,3.5,0.0,1.0,.000,0.0,0.5,.000,0.0,0.5,.000,.000,0.0,0.0,,0.0,0.0,0.0,0.0,0.5,0.0,0.0,0.0,0.0
Justin Champagnie,SF,21,TOR,3,0,3.7,1.0,1.0,1.000,0.0,0.0,,1.0,1.0,1.000,1.000,0.0,0.0,,0.3,1.0,1.3,0.3,0.0,0.0,0.0,0.3,2.0
Kennedy Chandler,PG,20,MEM,25,0,9.0,1.1,2.7,.397,0.1,0.6,.143,1.0,2.2,.463,.412,0.2,0.4,.455,0.3,1.0,1.2,1.9,0.4,0.2,0.6,0.5,2.4
Max Christie,SG,19,LAL,35,3,14.2,1.2,2.9,.417,0.7,1.8,.419,0.5,1.2,.415,.544,0.4,0.5,.875,0.2,1.9,2.1,0.5,0.2,0.2,0.4,0.9,3.6
Josh Christopher,SG,21,HOU,42,1,10.4,1.9,4.2,.460,0.3,1.2,.245,1.6,3.0,.543,.494,0.6,0.9,.730,0.3,0.8,1.1,0.9,0.4,0.2,0.9,0.8,4.8
Brandon Clarke,PF,26,MEM,53,8,19.9,4.2,6.4,.661,0.0,0.1,.167,4.2,6.3,.670,.662,1.8,2.5,.722,1.6,4.0,5.6,1.3,0.6,0.7,1.0,2.4,10.3
Jordan Clarkson,SG,30,UTA,60,60,32.6,7.5,16.9,.445,2.6,7.6,.341,5.0,9.4,.528,.521,3.2,4.0,.819,1.2,2.9,4.0,4.3,0.5,0.2,3.1,2.0,20.9
Nic Claxton,C,23,BRK,56,56,29.4,5.5,7.6,.715,0.0,0.0,.000,5.5,7.6,.718,.715,1.7,3.3,.511,2.5,6.5,9.0,1.7,0.8,2.6,1.3,2.8,12.6
Amir Coffey,SG,25,LAC,41,9,13.9,1.3,3.3,.390,0.2,0.9,.270,1.0,2.4,.434,.426,1.1,1.3,.818,0.4,0.9,1.2,1.2,0.2,0.1,0.4,1.2,3.9
John Collins,PF,25,ATL,51,51,31.0,5.2,10.2,.508,0.8,3.2,.256,4.4,7.0,.624,.548,2.0,2.5,.813,1.1,5.9,7.0,1.2,0.7,1.2,1.2,3.2,13.2
Zach Collins,C,25,SAS,50,13,21.4,4.0,7.5,.532,0.6,1.8,.360,3.3,5.7,.586,.575,1.6,2.1,.745,1.8,4.2,6.0,2.6,0.5,0.6,1.9,3.2,10.2
Mike Conley,PG,35,TOT,48,47,29.8,3.5,8.7,.406,1.8,5.0,.361,1.7,3.7,.466,.510,1.7,2.1,.812,0.4,2.0,2.5,7.5,1.0,0.2,1.7,2.1,10.5
Mike Conley,PG,35,UTA,43,42,29.7,3.6,8.7,.408,1.8,5.0,.362,1.8,3.8,.469,.511,1.8,2.2,.813,0.4,2.1,2.5,7.7,1.0,0.2,1.7,2.2,10.7
Mike Conley,PG,35,MIN,5,5,31.2,3.2,8.2,.390,1.8,5.0,.360,1.4,3.2,.438,.500,0.8,1.0,.800,0.6,1.6,2.2,5.6,1.2,0.2,1.4,1.8,9.0
Pat Connaughton,SG,30,MIL,42,25,25.1,3.0,7.6,.390,2.0,5.8,.348,0.9,1.8,.527,.524,0.4,0.7,.607,0.8,4.2,5.0,1.3,0.7,0.1,0.6,1.1,8.3
Robert Covington,PF,32,LAC,36,0,16.2,1.9,4.7,.406,1.0,2.9,.333,0.9,1.8,.523,.509,0.7,0.9,.735,0.7,3.0,3.7,1.3,0.7,0.8,0.6,1.9,5.5
Torrey Craig,SF,32,PHO,59,49,25.8,3.0,6.6,.452,1.3,3.2,.405,1.7,3.4,.497,.551,0.5,0.6,.730,2.1,3.7,5.8,1.6,0.7,0.6,1.0,2.4,7.7
Jae Crowder,SF,32,MIL,2,0,20.5,2.5,4.0,.625,2.0,2.5,.800,0.5,1.5,.333,.875,1.0,2.0,.500,0.5,2.5,3.0,1.0,1.0,0.0,1.0,2.5,8.0
Jarrett Culver,SG,23,ATL,10,1,13.7,1.7,4.3,.395,0.1,1.2,.083,1.6,3.1,.516,.407,0.9,1.3,.692,1.0,2.8,3.8,0.6,0.6,0.2,0.7,1.4,4.4
,,,,,,,,,,,,,,,,,,,,,,,,,,,,
Cade Cunningham,PG,21,DET,12,12,33.3,7.8,18.7,.415,1.4,5.1,.279,6.3,13.6,.466,.453,3.0,3.6,.837,1.0,5.2,6.2,6.0,0.8,0.6,3.3,2.8,19.9
Seth Curry,SG,32,BRK,42,6,22.4,3.9,8.2,.468,1.8,4.3,.423,2.0,3.9,.518,.579,0.8,0.8,.971,0.3,1.6,1.9,2.0,0.6,0.2,1.0,1.8,10.4
Stephen Curry,PG,34,GSW,38,38,34.6,9.8,19.8,.495,4.9,11.4,.427,4.9,8.4,.588,.619,5.0,5.4,.922,0.6,5.8,6.3,6.4,1.0,0.4,3.2,2.2,29.4
Dyson Daniels,PG,19,NOP,40,11,19.6,1.7,3.9,.445,0.5,1.5,.333,1.2,2.4,.516,.510,0.5,0.7,.621,0.7,2.8,3.5,2.5,0.9,0.3,1.1,1.9,4.4
Anthony Davis,C,29,LAL,37,35,33.2,9.7,17.2,.564,0.4,1.5,.241,9.4,15.8,.593,.574,6.0,7.4,.813,3.3,9.1,12.4,2.5,1.1,2.0,2.1,2.7,25.7
Johnny Davis,SG,20,WAS,13,0,4.8,0.5,1.4,.333,0.1,0.3,.250,0.4,1.1,.357,.361,0.2,0.2,1.000,0.1,0.5,0.6,0.2,0.1,0.1,0.2,1.0,1.2
Terence Davis,SG,25,SAC,47,4,13.9,2.6,5.9,.446,1.4,3.8,.382,1.2,2.1,.561,.569,0.7,0.7,.886,0.4,2.0,2.4,1.3,0.8,0.3,0.9,1.9,7.3
JD Davison,PG,20,BOS,6,0,2.3,0.3,1.3,.250,0.0,0.5,.000,0.3,0.8,.400,.250,0.0,0.0,,0.0,0.3,0.3,0.2,0.2,0.0,0.2,0.0,0.7
Darius Days,PF,23,HOU,4,0,6.3,1.3,3.0,.417,0.8,2.5,.300,0.5,0.5,1.000,.542,0.5,0.5,1.000,0.3,1.3,1.5,0.3,0.0,0.3,0.0,0.5,3.8
Dewayne Dedmon,C,33,MIA,30,0,11.7,2.1,4.3,.496,0.4,1.2,.297,1.8,3.1,.576,.539,1.1,1.5,.727,0.9,2.7,3.6,0.5,0.2,0.5,0.6,2.0,5.7
Matthew Dellavedova,PG,32,SAC,25,0,5.9,0.5,1.3,.364,0.2,0.6,.375,0.2,0.7,.353,.455,0.1,0.2,.600,0.0,0.3,0.4,1.3,0.2,0.0,0.3,0.6,1.3
DeMar DeRozan,SF,33,CHI,55,55,36.1,9.1,17.9,.510,0.5,1.6,.307,8.7,16.3,.529,.523,6.5,7.4,.881,0.4,4.2,4.6,5.1,1.0,0.5,2.2,2.7,25.3
Moussa Diabaté,PF,21,LAC,18,1,9.6,1.2,2.2,.525,0.1,0.1,.500,1.1,2.1,.526,.538,0.6,0.9,.625,1.6,0.9,2.5,0.2,0.3,0.3,0.5,0.7,2.9
Mamadi Diakite,PF,26,CLE,16,2,6.1,0.7,1.6,.423,0.3,0.9,.267,0.4,0.7,.636,.500,0.0,0.0,,0.2,0.6,0.8,0.1,0.1,0.4,0.4,0.8,1.6
Hamidou Diallo,SG,24,DET,53,0,17.2,3.7,6.4,.581,0.1,0.4,.263,3.6,6.0,.600,.588,1.5,2.6,.591,1.0,2.4,3.4,0.9,1.0,0.3,1.2,2.2,9.1
Gorgui Dieng,C,33,SAS,21,1,9.6,1.1,3.0,.387,0.6,2.0,.279,0.6,0.9,.632,.484,0.2,0.3,.833,0.9,1.8,2.6,1.4,0.1,0.3,0.8,1.4,3.1
Ousmane Dieng,SF,19,OKC,19,0,14.9,1.7,4.1,.416,0.7,2.4,.289,1.0,1.7,.594,.500,0.1,0.3,.400,0.4,2.2,2.6,1.4,0.3,0.3,0.6,1.2,4.2
Spencer Dinwiddie,PG,29,TOT,59,59,34.1,5.8,13.0,.448,2.5,6.4,.394,3.3,6.6,.500,.544,3.3,4.0,.828,0.3,2.8,3.2,5.3,0.8,0.3,1.7,2.4,17.5
Spencer Dinwiddie,PG,29,DAL,53,53,34.1,6.0,13.1,.455,2.6,6.4,.405,3.4,6.7,.504,.555,3.2,3.9,.821,0.4,2.7,3.1,5.3,0.7,0.3,1.7,2.3,17.7
Spencer Dinwiddie,PG,29,BRK,6,6,34.0,4.7,12.3,.378,1.7,5.8,.286,3.0,6.5,.462,.446,4.5,5.2,.871,0.2,3.7,3.8,5.7,1.0,0.0,2.0,2.5,15.5
Donte DiVincenzo,SG,26,GSW,51,16,25.6,3.2,7.3,.436,2.1,5.1,.416,1.1,2.2,.482,.582,0.7,0.9,.818,0.9,3.3,4.2,3.3,1.4,0.1,1.5,1.8,9.2
Luka Dončić,PG,23,DAL,52,52,36.4,11.2,22.1,.504,2.7,7.8,.350,8.4,14.3,.589,.566,8.0,11.0,.732,0.9,7.9,8.8,8.1,1.5,0.5,3.7,2.6,33.1
,,,,,,,,,,,,,,,,,,,,,,,,,,,,
Tyler Dorsey,SG,26,DAL,3,0,2.7,1.3,1.7,.800,0.3,0.7,.500,1.0,1.0,1.000,.900,0.0,0.0,,0.3,0.3,0.7,0.0,0.0,0.0,0.0,0.0,3.0
Luguentz Dort,SG,23,OKC,53,52,30.2,4.8,11.8,.406,1.9,5.4,.349,2.9,6.5,.453,.485,2.6,3.5,.760,1.5,2.9,4.4,2.2,1.0,0.3,1.3,3.2,14.1
Ayo Dosunmu,SG,23,CHI,59,49,28.3,3.8,7.7,.494,0.8,2.6,.318,3.0,5.1,.583,.547,0.9,1.1,.806,0.7,2.4,3.1,2.8,0.7,0.3,1.4,2.5,9.3
Devon Dotson,PG,23,WAS,6,0,8.8,0.2,1.7,.100,0.2,0.7,.250,0.0,1.0,.000,.150,0.0,0.0,,1.0,0.7,1.7,1.3,0.8,0.0,0.5,1.5,0.5
Jeff Dowtin,PG,25,TOR,18,0,8.8,1.1,2.4,.442,0.2,0.6,.273,0.9,1.8,.500,.477,0.2,0.2,.750,0.3,0.6,0.9,0.9,0.2,0.1,0.3,0.6,2.4
PJ Dozier,SG,26,SAC,4,0,2.5,0.5,0.8,.667,0.3,0.5,.500,0.3,0.3,1.000,.833,0.0,0.0,,0.0,0.5,0.5,0.0,0.8,0.0,0.0,0.0,1.3
Goran Dragić,PG,36,CHI,51,0,15.4,2.5,5.9,.425,0.9,2.5,.352,1.6,3.4,.480,.500,0.5,0.8,.659,0.3,1.1,1.4,2.7,0.2,0.1,1.1,1.2,6.4
Andre Drummond,C,29,CHI,48,0,13.0,2.7,4.4,.624,0.0,0.0,.000,2.7,4.3,.630,.624,1.0,1.9,.522,2.2,4.5,6.7,0.6,0.7,0.3,1.1,1.9,6.5
Chris Duarte,SF,25,IND,38,10,19.1,2.6,7.2,.364,1.1,3.8,.301,1.5,3.4,.434,.443,1.5,1.8,.836,0.4,2.1,2.4,1.4,0.5,0.2,0.9,1.5,7.8
David Duke Jr.,SG,23,BRK,16,0,8.8,1.3,3.0,.438,0.0,0.4,.000,1.3,2.6,.500,.438,0.3,0.5,.500,0.4,0.6,0.9,0.8,0.4,0.1,0.8,1.6,2.9
Kris Dunn,PG,28,UTA,2,0,20.0,6.0,11.5,.522,1.0,3.5,.286,5.0,8.0,.625,.565,0.0,1.0,.000,1.5,2.5,4.0,4.5,1.5,0.5,0.5,3.0,13.0
Kevin Durant,PF,34,BRK,39,39,36.0,10.5,18.8,.559,1.8,4.8,.376,8.7,14.0,.622,.607,6.8,7.3,.934,0.4,6.4,6.7,5.3,0.8,1.5,3.5,2.4,29.7
Jalen Duren,C,19,DET,52,27,25.1,3.6,5.6,.645,0.0,0.0,.000,3.6,5.6,.647,.645,1.3,2.2,.611,3.3,5.4,8.7,1.1,0.6,0.9,1.2,2.7,8.5
Tari Eason,PF,21,HOU,60,3,19.6,3.4,7.6,.442,0.7,2.0,.347,2.7,5.7,.475,.487,1.3,1.7,.750,2.3,3.4,5.6,1.0,1.1,0.6,1.1,2.2,8.7
Anthony Edwards,SG,21,MIN,63,63,36.3,9.0,19.5,.460,2.7,7.3,.363,6.3,12.2,.518,.528,4.2,5.4,.776,0.6,5.3,5.9,4.5,1.7,0.7,3.4,2.5,24.7
Kessler Edwards,SF,22,TOT,16,1,5.8,0.4,1.8,.214,0.1,0.9,.143,0.3,0.9,.286,.250,0.1,0.1,.500,0.4,0.6,1.0,0.3,0.2,0.1,0.3,0.2,0.9
Kessler Edwards,SF,22,BRK,14,1,5.6,0.4,1.7,.250,0.1,0.9,.167,0.3,0.9,.333,.292,0.1,0.1,.500,0.4,0.6,1.0,0.1,0.2,0.1,0.3,0.2,1.1
Kessler Edwards,SF,22,SAC,2,0,7.0,0.0,2.0,.000,0.0,1.0,.000,0.0,1.0,.000,.000,0.0,0.0,,0.5,0.5,1.0,1.0,0.0,0.0,0.0,0.0,0.0
Keon Ellis,SG,23,SAC,9,0,4.0,0.7,1.1,.600,0.6,0.9,.625,0.1,0.2,.500,.850,0.2,0.3,.667,0.3,0.4,0.8,0.3,0.2,0.1,0.1,0.7,2.1
Joel Embiid,C,28,PHI,48,48,35.1,10.9,20.6,.532,1.0,3.1,.338,9.9,17.5,.566,.557,10.1,11.7,.860,1.8,8.6,10.4,4.1,1.1,1.6,3.5,3.2,33.0
Drew Eubanks,C,25,POR,58,15,19.6,2.5,3.7,.681,0.1,0.1,.429,2.4,3.6,.689,.688,1.0,1.5,.659,1.7,3.3,5.0,1.2,0.5,1.2,0.8,2.2,6.0
Bruno Fernando,C,24,TOT,33,4,11.2,1.5,2.9,.521,0.0,0.0,.000,1.5,2.9,.526,.521,0.9,1.3,.682,1.5,2.3,3.8,0.9,0.2,0.9,0.7,2.1,3.9
Bruno Fernando,C,24,HOU,31,4,11.7,1.5,3.0,.516,0.0,0.0,.000,1.5,3.0,.522,.516,1.0,1.4,.682,1.5,2.4,3.9,1.0,0.2,1.0,0.6,2.2,4.1
Bruno Fernando,C,24,ATL,2,0,3.0,1.0,1.5,.667,0.0,0.0,,1.0,1.5,.667,.667,0.0,0.0,,0.5,0.5,1.0,0.5,0.0,0.0,1.0,0.5,2.0
,,,,,,,,,,,,,,,,,,,,,,,,,,,,
Dorian Finney-Smith,PF,29,TOT,46,46,31.8,3.1,7.7,.408,1.8,5.3,.342,1.3,2.4,.555,.525,0.7,1.0,.733,1.7,3.3,5.0,1.5,0.9,0.4,0.9,2.1,8.8
Dorian Finney-Smith,PF,29,DAL,40,40,32.2,3.2,7.8,.416,1.9,5.4,.355,1.3,2.3,.559,.540,0.8,1.0,.750,1.7,3.0,4.7,1.5,1.0,0.5,0.9,2.0,9.1
Dorian Finney-Smith,PF,29,BRK,6,6,29.3,2.5,7.2,.349,1.0,4.3,.231,1.5,2.8,.529,.419,0.5,0.8,.600,1.8,4.8,6.7,1.3,0.3,0.0,1.0,2.8,6.5
Malachi Flynn,PG,24,TOR,43,1,13.7,1.7,4.7,.370,1.0,2.6,.378,0.7,2.1,.360,.475,0.4,0.6,.708,0.3,1.2,1.5,1.5,0.4,0.1,0.4,1.3,4.8
Simone Fontecchio,SF,27,UTA,33,0,9.9,1.3,3.6,.350,0.8,2.5,.305,0.5,1.2,.447,.454,0.5,0.7,.773,0.5,0.6,1.1,0.5,0.2,0.2,0.5,1.0,3.8
Bryn Forbes,SG,29,MIN,25,0,10.7,1.2,3.3,.361,0.6,1.8,.304,0.6,1.5,.432,.446,0.6,0.6,1.000,0.2,0.4,0.6,0.7,0.3,0.1,0.5,0.9,3.6
Trent Forrest,PG,24,ATL,18,3,13.3,1.3,2.8,.480,0.0,0.1,.000,1.3,2.7,.500,.480,0.1,0.2,.667,0.3,1.3,1.6,1.7,0.3,0.1,0.6,0.9,2.8
Michael Foster Jr.,PF,20,PHI,1,0,1.0,0.0,0.0,,0.0,0.0,,0.0,0.0,,,0.0,0.0,,0.0,0.0,0.0,0.0,0.0,0.0,0.0,0.0,0.0
Evan Fournier,SG,30,NYK,23,7,18.0,2.3,6.6,.351,1.4,4.4,.324,0.9,2.1,.408,.460,0.8,0.9,.857,0.2,1.8,2.0,1.5,0.6,0.1,0.8,1.9,6.8
De'Aaron Fox,PG,25,SAC,55,55,34.1,9.4,18.3,.515,1.6,4.8,.331,7.9,13.5,.581,.559,4.9,6.3,.786,0.5,3.8,4.3,6.3,1.1,0.3,2.7,2.5,25.4
Markelle Fultz,PG,24,ORL,41,41,29.2,5.4,10.9,.500,0.4,1.3,.309,5.0,9.5,.527,.519,1.9,2.4,.786,1.3,2.8,4.0,5.5,1.5,0.4,2.3,2.0,13.2
Wenyen Gabriel,PF,25,LAL,47,2,15.2,2.6,4.2,.617,0.2,0.6,.300,2.4,3.5,.675,.640,0.8,1.3,.623,1.6,2.2,3.8,0.5,0.3,0.5,0.7,2.2,6.1
Daniel Gafford,C,24,WAS,58,27,18.8,3.4,4.6,.747,0.0,0.0,,3.4,4.6,.747,.747,1.6,2.4,.641,2.0,3.4,5.3,0.9,0.4,1.3,1.0,2.3,8.4
Darius Garland,PG,23,CLE,54,54,35.1,7.5,16.1,.468,2.6,6.1,.421,5.0,10.0,.496,.547,4.3,4.9,.868,0.4,2.2,2.6,7.9,1.3,0.1,2.9,2.1,21.9
Usman Garuba,PF,20,HOU,53,1,13.5,1.2,2.3,.532,0.3,0.6,.485,0.9,1.7,.549,.597,0.4,0.7,.528,1.6,2.8,4.4,0.9,0.7,0.5,0.6,1.7,3.2
Luka Garza,C,24,MIN,23,0,9.1,2.3,4.4,.529,0.6,1.6,.361,1.8,2.9,.621,.593,1.7,2.1,.792,1.3,1.2,2.4,0.6,0.1,0.0,0.4,1.5,6.9
Rudy Gay,PF,36,UTA,46,0,14.5,1.8,4.8,.378,0.5,2.2,.232,1.3,2.7,.496,.430,0.7,0.8,.857,0.6,2.3,2.9,0.9,0.3,0.3,0.6,1.2,4.8
Paul George,SG,32,LAC,46,46,34.4,8.1,17.5,.461,2.9,7.7,.384,5.1,9.8,.522,.545,4.4,5.0,.875,0.7,5.4,6.1,5.2,1.4,0.4,3.3,2.7,23.5
Taj Gibson,C,37,WAS,38,2,10.0,1.4,2.6,.535,0.1,0.4,.235,1.3,2.2,.598,.556,0.6,0.9,.676,0.7,1.3,2.0,0.8,0.3,0.3,0.5,1.9,3.5
Josh Giddey,SG,20,OKC,55,55,30.9,7.0,14.5,.484,0.9,2.9,.309,6.1,11.5,.528,.515,1.3,1.7,.769,2.0,5.8,7.7,5.8,0.8,0.5,3.0,2.1,16.2
Shai Gilgeous-Alexander,PG,24,OKC,54,54,35.5,10.2,20.2,.507,0.9,2.6,.338,9.4,17.6,.532,.528,9.6,10.6,.908,0.9,3.9,4.7,5.7,1.6,1.1,2.9,2.7,31.0
Anthony Gill,PF,30,WAS,42,4,10.0,1.2,2.0,.607,0.1,0.5,.158,1.1,1.5,.738,.625,0.6,0.8,.771,0.5,0.8,1.4,0.5,0.1,0.2,0.2,1.2,3.1
,,,,,,,,,,,,,,,,,,,,,,,,,,,,
Rudy Gobert,C,30,MIN,51,51,30.5,5.1,7.6,.679,0.0,0.1,.000,5.1,7.5,.684,.679,3.1,4.6,.671,3.2,8.4,11.6,0.9,0.8,1.3,1.7,2.9,13.4
Jordan Goodwin,PG,24,WAS,41,4,18.1,2.4,5.3,.449,0.6,1.7,.382,1.7,3.6,.480,.509,0.8,1.1,.750,0.9,2.4,3.3,2.5,1.0,0.5,0.9,1.7,6.2
Aaron Gordon,PF,27,DEN,50,50,30.2,6.5,11.2,.583,1.0,2.6,.382,5.5,8.6,.645,.628,3.0,4.9,.623,2.4,4.5,6.8,2.9,0.8,0.8,1.6,1.9,17.1
Eric Gordon,SG,34,TOT,51,47,29.6,4.3,9.8,.434,1.8,5.0,.350,2.5,4.8,.523,.524,2.3,2.8,.821,0.3,1.8,2.1,2.9,0.6,0.4,1.7,1.0,12.6
Eric Gordon,SG,34,HOU,47,47,30.2,4.5,10.2,.439,1.8,5.2,.347,2.7,5.0,.536,.528,2.3,2.9,.815,0.3,1.8,2.1,2.9,0.6,0.4,1.8,1.0,13.1
Eric Gordon,SG,34,LAC,4,0,23.3,1.8,5.5,.318,1.3,3.0,.417,0.5,2.5,.200,.432,2.3,2.5,.900,0.3,1.8,2.0,3.5,0.8,0.8,0.5,1.5,7.0
Devonte' Graham,PG,27,TOT,59,1,16.6,1.9,5.2,.362,1.4,4.1,.343,0.5,1.1,.435,.498,1.0,1.3,.747,0.3,1.2,1.5,2.4,0.6,0.2,0.5,0.9,6.1
Devonte' Graham,PG,27,NOP,53,0,15.3,1.6,4.4,.368,1.2,3.6,.347,0.4,0.8,.463,.511,0.8,1.1,.746,0.2,1.1,1.4,2.2,0.6,0.2,0.5,0.9,5.3
Devonte' Graham,PG,27,SAS,6,1,28.2,4.2,12.2,.342,2.8,8.7,.327,1.3,3.5,.381,.459,2.5,3.3,.750,0.8,1.7,2.5,4.7,0.8,0.7,0.8,1.3,13.7
Jerami Grant,PF,28,POR,55,55,35.6,7.1,14.6,.484,2.3,5.5,.407,4.8,9.0,.532,.562,4.3,5.3,.807,0.9,3.5,4.3,2.3,0.8,0.8,1.8,2.4,20.6
A.J. Green,SG,23,MIL,27,0,9.7,1.6,3.6,.449,1.3,3.0,.427,0.3,0.6,.563,.628,0.1,0.1,1.000,0.1,0.9,1.1,0.6,0.2,0.0,0.3,1.0,4.7
Danny Green,SG,35,TOT,6,0,11.8,1.0,3.2,.316,1.0,2.5,.400,0.0,0.7,.000,.474,0.2,0.2,1.000,0.2,0.7,0.8,0.3,0.3,0.2,0.8,1.5,3.2
Danny Green,SG,35,MEM,3,0,14.3,1.0,3.7,.273,1.0,2.7,.375,0.0,1.0,.000,.409,0.0,0.0,,0.3,1.0,1.3,0.7,0.3,0.0,1.0,2.0,3.0
Danny Green,SG,35,CLE,3,0,9.3,1.0,2.7,.375,1.0,2.3,.429,0.0,0.3,.000,.563,0.3,0.3,1.000,0.0,0.3,0.3,0.0,0.3,0.3,0.7,1.0,3.3
Draymond Green,PF,32,GSW,53,53,31.5,3.2,6.2,.517,0.6,1.8,.330,2.6,4.4,.594,.565,1.1,1.5,.700,0.9,6.5,7.4,6.8,1.0,0.8,2.6,3.0,8.1
Jalen Green,SG,20,HOU,54,54,33.9,7.3,17.8,.409,2.5,7.6,.333,4.7,10.1,.467,.481,4.7,5.9,.788,0.6,3.4,4.0,3.6,0.8,0.2,2.9,1.7,21.8
JaMychal Green,PF,32,GSW,41,1,14.7,2.4,4.6,.516,0.7,2.0,.349,1.7,2.6,.645,.592,0.9,1.2,.714,1.3,2.6,3.9,1.0,0.5,0.3,1.1,2.0,6.3
Javonte Green,SG,29,CHI,28,1,16.0,2.2,3.7,.587,0.5,1.2,.382,1.7,2.5,.686,.649,1.0,1.5,.674,0.9,2.0,2.9,0.8,0.8,0.7,0.7,1.7,5.9
Jeff Green,PF,36,DEN,39,3,19.4,3.1,6.2,.498,0.4,1.7,.250,2.6,4.4,.595,.533,1.5,2.1,.707,0.7,1.8,2.5,1.2,0.4,0.3,0.9,1.9,8.1
Josh Green,SG,22,DAL,42,10,24.7,3.3,6.1,.543,1.2,2.9,.421,2.1,3.2,.652,.643,1.4,2.0,.714,0.9,1.8,2.7,1.6,0.8,0.1,1.0,2.6,9.3
AJ Griffin,SF,19,ATL,57,11,20.2,3.6,7.6,.475,1.5,3.7,.392,2.2,3.9,.554,.570,0.5,0.6,.875,0.5,1.6,2.1,1.0,0.7,0.1,0.6,1.2,9.2
Blake Griffin,C,33,BOS,27,12,14.1,1.7,3.5,.500,0.7,1.8,.388,1.0,1.7,.622,.601,0.6,0.9,.625,0.9,2.4,3.3,1.3,0.3,0.2,0.5,1.9,4.7
Quentin Grimes,SG,22,NYK,52,47,29.7,3.5,7.9,.444,1.8,5.2,.351,1.7,2.7,.620,.559,1.1,1.3,.800,0.8,2.5,3.3,1.9,0.6,0.4,1.0,2.5,9.9
Rui Hachimura,PF,24,TOT,43,8,24.5,4.9,10.1,.480,0.9,2.7,.322,4.0,7.4,.539,.524,1.6,2.2,.716,0.8,3.8,4.6,1.0,0.3,0.3,1.0,1.1,12.2
Rui Hachimura,PF,24,WAS,30,0,24.3,5.3,10.8,.488,1.0,3.0,.337,4.3,7.8,.545,.534,1.5,1.9,.759,0.6,3.6,4.3,1.2,0.4,0.4,1.2,1.3,13.0
Rui Hachimura,PF,24,LAL,13,8,24.9,3.9,8.5,.459,0.6,2.2,.276,3.3,6.3,.524,.495,1.8,2.8,.649,1.3,4.1,5.4,0.6,0.3,0.2,0.5,0.6,10.3
Tyrese Haliburton,PG,22,IND,50,50,33.6,7.1,14.8,.482,2.9,7.2,.399,4.3,7.7,.559,.578,2.7,3.1,.865,0.6,3.0,3.7,10.2,1.7,0.4,2.6,1.2,19.8
Jordan Hall,SF,21,SAS,9,0,9.2,1.0,3.1,.321,0.3,1.7,.200,0.7,1.4,.462,.375,0.8,1.0,.778,0.3,1.0,1.3,1.2,0.1,0.0,0.8,0.7,3.1
,,,,,,,,,,,,,,,,,,,,,,,,,,,,
R.J. Hampton,PG,21,TOT,28,0,13.9,1.8,4.3,.425,0.6,2.0,.321,1.2,2.3,.516,.500,1.1,1.3,.838,0.3,1.3,1.6,1.3,0.6,0.2,0.8,0.8,5.4
R.J. Hampton,PG,21,ORL,26,0,13.9,1.9,4.4,.439,0.7,2.0,.340,1.2,2.3,.525,.518,1.2,1.4,.838,0.3,1.2,1.5,1.3,0.6,0.2,0.8,0.8,5.7
R.J. Hampton,PG,21,DET,2,0,14.0,0.5,3.0,.167,0.0,1.5,.000,0.5,1.5,.333,.167,0.0,0.0,,0.0,2.5,2.5,0.5,1.0,0.5,0.5,0.5,1.0
Tim Hardaway Jr.,SG,30,DAL,56,37,30.1,4.7,12.3,.380,2.9,7.9,.360,1.8,4.3,.417,.497,1.8,2.3,.756,0.3,3.3,3.6,1.7,0.7,0.1,0.9,1.6,13.9
James Harden,PG,33,PHI,44,44,36.7,6.5,14.5,.450,2.9,7.3,.393,3.7,7.3,.508,.548,5.6,6.5,.864,0.5,5.6,6.2,10.7,1.3,0.6,3.4,2.0,21.6
Jaden Hardy,SG,20,DAL,32,0,11.6,2.2,5.1,.423,0.8,2.3,.342,1.4,2.8,.489,.500,1.3,1.5,.875,0.1,1.3,1.3,0.8,0.3,0.1,0.8,1.3,6.4
Ron Harper Jr.,SF,22,TOR,4,0,3.5,1.0,1.8,.571,0.5,1.0,.500,0.5,0.8,.667,.714,0.0,0.0,,0.3,0.3,0.5,0.0,0.0,0.0,0.0,0.0,2.5
Montrezl Harrell,C,29,PHI,50,7,12.5,2.2,3.7,.605,0.0,0.0,.000,2.2,3.7,.612,.605,1.2,1.7,.694,1.2,1.6,2.8,0.6,0.3,0.5,0.6,1.5,5.7
Gary Harris,SG,28,ORL,33,27,24.8,3.0,6.3,.471,1.9,4.2,.446,1.1,2.1,.522,.620,0.8,0.8,.893,0.5,1.6,2.1,1.2,0.9,0.2,0.7,2.0,8.6
Joe Harris,SG,31,BRK,53,32,23.5,3.0,6.7,.456,2.0,4.8,.413,1.1,1.9,.566,.605,0.3,0.5,.625,0.4,2.2,2.5,1.6,0.5,0.2,0.7,2.4,8.3
Kevon Harris,SG,25,ORL,27,0,12.4,1.2,2.9,.416,0.4,1.0,.393,0.8,1.8,.429,.487,0.8,1.0,.815,0.9,1.1,2.0,0.4,0.5,0.1,0.6,1.3,3.6
Tobias Harris,PF,30,PHI,56,56,33.7,6.1,12.2,.498,1.8,4.7,.380,4.3,7.5,.572,.571,1.4,1.6,.856,0.9,4.9,5.8,2.5,1.0,0.5,1.3,2.0,15.3
Josh Hart,SF-SG,27,TOT,57,51,32.7,3.7,7.2,.517,0.8,2.3,.351,2.9,4.9,.594,.573,1.7,2.4,.731,1.8,6.1,7.9,3.8,1.1,0.2,1.5,2.6,10.0
Josh Hart,SF,27,POR,51,51,33.4,3.6,7.1,.504,0.7,2.2,.304,2.9,4.9,.594,.551,1.7,2.3,.731,1.9,6.3,8.2,3.9,1.1,0.2,1.5,2.6,9.5
Josh Hart,SG,27,NYK,6,0,26.3,5.0,8.2,.612,2.0,3.2,.632,3.0,5.0,.600,.735,1.8,2.5,.733,1.5,3.8,5.3,3.2,1.2,0.5,1.2,2.2,13.8
Isaiah Hartenstein,C,24,NYK,63,7,19.6,2.2,4.1,.521,0.1,0.5,.235,2.0,3.6,.564,.536,0.6,0.8,.755,2.8,3.8,6.6,0.9,0.6,0.8,0.8,2.6,5.1
Udonis Haslem,C,42,MIA,6,1,7.7,0.2,2.0,.083,0.0,0.3,.000,0.2,1.7,.100,.083,0.2,0.3,.500,0.7,0.7,1.3,0.0,0.2,0.2,0.0,1.3,0.5
Sam Hauser,PF,25,BOS,60,4,15.6,2.2,4.8,.455,1.7,4.0,.414,0.5,0.8,.653,.627,0.2,0.3,.667,0.5,2.1,2.5,0.7,0.3,0.3,0.3,1.3,6.2
Jaxson Hayes,C,22,NOP,35,2,13.3,1.8,3.4,.534,0.1,0.7,.115,1.7,2.6,.652,.547,1.2,1.7,.672,0.9,2.1,2.9,0.7,0.5,0.3,0.6,1.4,4.9
Killian Hayes,PG,21,DET,58,39,27.1,3.8,10.2,.369,1.2,3.8,.300,2.6,6.3,.410,.426,0.8,1.0,.817,0.3,2.4,2.7,5.9,1.3,0.4,2.0,3.0,9.5
Gordon Hayward,SF,32,CHO,37,37,31.3,5.5,11.6,.472,1.0,3.2,.319,4.4,8.4,.531,.516,2.6,3.2,.817,0.7,3.7,4.4,3.7,0.9,0.2,1.9,1.4,14.6
Juancho Hernangómez,PF,27,TOR,42,10,14.6,1.1,2.7,.421,0.4,1.6,.254,0.7,1.1,.660,.496,0.2,0.4,.563,0.6,2.3,2.9,0.6,0.4,0.1,0.4,1.0,2.9
Willy Hernangómez,C,28,NOP,30,0,12.8,2.6,4.8,.535,0.1,0.3,.200,2.5,4.5,.560,.542,2.4,3.0,.780,1.7,3.4,5.1,0.9,0.4,0.4,1.1,1.7,7.6
Tyler Herro,SG,23,MIA,48,48,35.4,7.4,17.1,.432,3.0,8.2,.371,4.4,8.9,.488,.521,2.6,2.9,.920,0.5,5.2,5.7,4.3,0.9,0.3,2.4,1.7,20.5
,,,,,,,,,,,,,,,,,,,,,,,,,,,,
Buddy Hield,SF,30,IND,62,62,32.1,6.1,13.6,.452,3.8,9.0,.425,2.3,4.6,.507,.593,1.3,1.5,.860,0.8,4.1,4.9,2.7,1.2,0.3,1.8,2.0,17.4
Haywood Highsmith,SF,26,MIA,44,9,19.4,1.8,4.3,.426,0.8,2.3,.356,1.0,2.0,.506,.521,0.3,0.5,.458,1.0,2.7,3.7,0.7,0.8,0.3,0.8,1.6,4.8
George Hill,PG,36,TOT,36,0,18.8,1.6,3.7,.447,0.6,2.1,.311,1.0,1.6,.621,.534,0.9,1.3,.739,0.4,1.5,1.9,2.5,0.6,0.1,0.8,1.1,4.9
George Hill,PG,36,MIL,35,0,19.1,1.7,3.8,.447,0.7,2.1,.311,1.0,1.7,.621,.534,1.0,1.3,.739,0.4,1.5,1.9,2.5,0.5,0.1,0.8,1.2,5.0
George Hill,PG,36,IND,1,0,10.0,0.0,0.0,,0.0,0.0,,0.0,0.0,,,0.0,0.0,,0.0,0.0,0.0,0.0,1.0,0.0,0.0,0.0,0.0
Malcolm Hill,SF,27,CHI,5,0,1.8,0.4,0.8,.500,0.2,0.6,.333,0.2,0.2,1.000,.625,0.0,0.0,,0.0,0.6,0.6,0.0,0.0,0.0,0.0,0.2,1.0
Aaron Holiday,PG,26,ATL,51,5,14.3,1.5,3.7,.415,0.6,1.5,.413,0.9,2.2,.416,.497,0.5,0.5,.857,0.4,0.9,1.3,1.3,0.5,0.2,0.6,1.3,4.1
Jrue Holiday,PG,32,MIL,49,47,33.0,7.5,16.0,.469,2.5,6.4,.384,5.0,9.6,.526,.546,2.4,2.8,.859,1.2,4.0,5.2,7.1,1.3,0.4,3.0,1.9,19.8
Justin Holiday,SG,33,TOT,30,1,15.4,1.8,4.6,.401,1.2,3.3,.378,0.6,1.3,.462,.536,0.0,0.0,,0.1,0.8,0.8,0.9,0.2,0.4,0.4,1.4,4.9
Justin Holiday,SG,33,ATL,28,0,14.7,1.7,4.5,.384,1.1,3.1,.345,0.6,1.4,.474,.504,0.0,0.0,,0.1,0.8,0.8,0.9,0.2,0.4,0.4,1.3,4.5
Justin Holiday,SG,33,DAL,2,1,25.0,3.5,6.0,.583,3.5,5.5,.636,0.0,0.5,.000,.875,0.0,0.0,,0.0,1.0,1.0,1.0,1.0,1.5,0.0,2.5,10.5
Richaun Holmes,C,29,SAC,34,1,8.9,1.4,2.0,.681,0.1,0.1,.750,1.3,1.9,.677,.703,0.4,0.5,.824,0.7,1.4,2.1,0.1,0.1,0.3,0.4,1.3,3.3
Al Horford,C,36,BOS,48,48,30.7,3.5,7.5,.472,2.1,4.9,.430,1.4,2.6,.553,.613,0.3,0.4,.722,1.2,4.9,6.1,2.7,0.5,0.9,0.6,1.9,9.4
Talen Horton-Tucker,SG,22,UTA,48,3,17.1,2.8,7.1,.400,0.7,2.7,.266,2.1,4.4,.481,.450,1.4,1.9,.753,0.5,2.2,2.6,3.0,0.6,0.5,1.4,1.6,7.8
Danuel House Jr.,SF,29,PHI,37,2,14.8,1.5,3.2,.458,0.6,1.9,.333,0.8,1.3,.646,.558,0.8,1.1,.700,0.2,1.5,1.8,0.7,0.2,0.2,0.4,1.2,4.4
Caleb Houstan,SF,20,ORL,34,2,16.1,1.5,3.6,.410,1.0,2.5,.388,0.5,1.1,.459,.545,0.3,0.4,.846,0.7,1.5,2.2,0.5,0.2,0.1,0.4,1.4,4.2
Trevor Hudgins,PG,23,HOU,5,0,5.6,0.4,1.8,.222,0.4,1.6,.250,0.0,0.2,.000,.333,0.6,0.6,1.000,0.0,0.0,0.0,0.6,0.0,0.0,0.2,0.2,1.8
Kevin Huerter,SG,24,SAC,57,57,30.1,5.4,11.3,.477,2.6,6.7,.387,2.8,4.6,.608,.592,1.3,1.8,.699,0.6,2.8,3.4,2.9,1.1,0.3,1.4,2.5,14.6
De'Andre Hunter,SF,25,ATL,51,51,31.7,5.6,12.2,.460,1.6,4.3,.367,4.0,7.8,.511,.525,2.9,3.5,.830,0.6,3.7,4.3,1.4,0.5,0.2,1.2,3.0,15.6
Bones Hyland,PG,22,TOT,45,1,19.3,4.0,10.1,.398,2.1,5.6,.380,1.9,4.6,.420,.502,1.7,2.0,.854,0.3,1.8,2.1,2.9,0.7,0.3,1.6,1.6,11.8
Bones Hyland,PG,22,DEN,42,1,19.5,4.1,10.3,.399,2.2,5.7,.378,2.0,4.6,.425,.503,1.7,2.0,.866,0.2,1.8,2.0,3.0,0.7,0.3,1.6,1.6,12.1
Bones Hyland,PG,22,LAC,3,0,15.7,2.7,7.0,.381,1.3,3.0,.444,1.3,4.0,.333,.476,1.7,2.3,.714,1.7,1.3,3.0,1.7,0.7,0.0,1.0,2.3,8.3
Serge Ibaka,C,33,MIL,16,0,11.6,1.6,3.4,.481,0.4,1.1,.333,1.3,2.3,.556,.537,0.5,0.8,.615,0.9,1.8,2.8,0.3,0.1,0.4,0.7,1.4,4.1
Andre Iguodala,SF,39,GSW,3,0,14.0,1.0,1.3,.750,0.3,0.7,.500,0.7,0.7,1.000,.875,0.0,0.0,,0.3,2.0,2.3,1.7,0.3,0.3,1.7,1.7,2.3
Joe Ingles,SF,35,MIL,27,0,22.6,2.1,5.4,.381,1.4,4.3,.336,0.6,1.1,.548,.514,0.4,0.6,.800,0.3,2.6,2.9,3.0,0.6,0.1,1.1,1.7,6.0
Brandon Ingram,SF,25,NOP,27,27,32.7,8.2,17.9,.459,1.7,4.1,.405,6.5,13.7,.474,.505,4.9,5.5,.879,0.4,4.6,5.0,4.7,0.7,0.4,3.3,2.6,22.9
,,,,,,,,,,,,,,,,,,,,,,,,,,,,
Kyrie Irving,PG,30,TOT,46,46,36.9,9.9,20.2,.489,3.3,8.6,.378,6.6,11.6,.571,.569,4.0,4.4,.897,1.0,4.1,5.1,5.4,1.0,0.8,2.3,2.8,27.0
Kyrie Irving,PG,30,BRK,40,40,37.0,10.0,20.5,.486,3.3,8.7,.374,6.7,11.8,.569,.565,4.0,4.5,.883,1.0,4.2,5.1,5.3,1.0,0.8,2.3,2.7,27.1
Kyrie Irving,PG,30,DAL,6,6,36.8,9.3,18.3,.509,3.3,8.2,.408,6.0,10.2,.590,.600,4.2,4.2,1.000,1.5,3.7,5.2,6.5,1.0,0.5,2.3,3.2,26.2
Jonathan Isaac,PF,25,ORL,11,0,11.3,2.0,4.8,.415,0.5,1.4,.400,1.5,3.5,.421,.472,0.5,0.8,.556,1.4,2.6,4.0,0.5,1.3,0.4,0.4,0.5,5.0
Jaden Ivey,SG,20,DET,57,56,30.1,5.2,12.4,.420,1.4,4.2,.336,3.8,8.2,.464,.477,3.5,4.8,.725,1.0,2.9,3.9,4.7,0.9,0.3,2.8,3.1,15.3
Isaiah Jackson,C,21,IND,45,5,15.3,2.6,4.6,.573,0.0,0.3,.167,2.6,4.3,.598,.578,1.5,2.3,.648,1.4,2.5,3.9,0.9,0.4,1.5,0.9,2.2,6.8
Jaren Jackson Jr.,C,23,MEM,42,42,27.2,5.9,12.0,.493,1.5,4.4,.348,4.4,7.6,.576,.556,3.3,4.2,.787,1.7,5.0,6.6,0.9,1.1,3.2,1.5,3.4,16.7
Justin Jackson,SF,27,BOS,23,0,4.7,0.3,1.2,.259,0.2,0.9,.250,0.1,0.3,.286,.352,0.0,0.1,.500,0.1,0.7,0.7,0.4,0.2,0.2,0.1,0.3,0.9
Quenton Jackson,PG,24,WAS,3,0,2.7,0.7,1.0,.667,0.3,0.7,.500,0.3,0.3,1.000,.833,0.0,0.0,,0.3,0.0,0.3,0.3,0.0,0.0,0.0,0.3,1.7
Reggie Jackson,PG,32,TOT,55,38,25.3,4.0,9.7,.413,1.5,4.3,.349,2.5,5.5,.463,.490,1.2,1.3,.914,0.4,1.8,2.2,3.5,0.7,0.1,1.8,1.8,10.7
Reggie Jackson,PG,32,LAC,52,38,25.7,4.1,9.8,.418,1.5,4.2,.350,2.6,5.6,.469,.493,1.2,1.3,.924,0.4,1.8,2.2,3.5,0.7,0.1,1.8,1.8,10.9
Reggie Jackson,PG,32,DEN,3,0,18.7,2.3,7.7,.304,1.7,5.0,.333,0.7,2.7,.250,.413,1.0,1.3,.750,0.3,1.7,2.0,3.0,0.7,0.3,0.7,2.0,7.3
LeBron James,PF,38,LAL,47,47,36.1,11.3,22.6,.501,2.1,6.9,.308,9.2,15.7,.587,.549,4.8,6.3,.759,1.2,7.2,8.4,6.9,0.9,0.6,3.1,1.7,29.5
Ty Jerome,SG,25,GSW,39,2,18.4,2.9,5.6,.509,0.8,2.0,.410,2.1,3.6,.563,.582,0.9,0.9,.919,0.2,1.5,1.7,2.9,0.5,0.1,0.7,1.5,7.4
Isaiah Joe,SG,23,OKC,52,4,16.4,2.9,6.1,.478,2.2,4.9,.453,0.7,1.2,.581,.660,0.9,1.2,.817,0.3,2.0,2.3,1.1,0.6,0.1,0.5,1.4,9.0
Alize Johnson,PF,26,SAS,4,0,7.5,0.8,1.5,.500,0.0,0.5,.000,0.8,1.0,.750,.500,0.3,0.5,.500,0.5,2.0,2.5,0.3,0.3,0.0,1.0,0.8,1.8
Cameron Johnson,PF,26,TOT,22,21,26.1,5.0,10.8,.466,2.6,6.3,.410,2.5,4.5,.545,.586,1.7,2.1,.809,0.7,3.0,3.7,1.5,1.0,0.4,0.5,1.7,14.4
Cameron Johnson,PF,26,PHO,17,16,25.2,4.8,10.2,.474,2.6,5.8,.455,2.2,4.4,.500,.604,1.6,1.9,.818,0.8,3.0,3.8,1.5,0.9,0.4,0.6,1.7,13.9
Cameron Johnson,PF,26,BRK,5,5,29.0,5.8,13.0,.446,2.4,8.0,.300,3.4,5.0,.680,.538,2.2,2.8,.786,0.4,2.8,3.2,1.6,1.4,0.4,0.0,1.8,16.2
Jalen Johnson,SF,21,ATL,57,6,14.3,2.0,4.2,.479,0.4,1.4,.284,1.6,2.8,.579,.527,0.7,1.1,.661,0.7,3.1,3.8,0.9,0.5,0.5,0.5,1.4,5.2
James Johnson,PF,35,IND,12,1,8.2,0.8,2.3,.370,0.3,0.8,.300,0.6,1.4,.412,.426,0.3,0.3,.750,0.2,1.2,1.3,0.6,0.3,0.4,0.4,2.0,2.2
Keldon Johnson,SF,23,SAS,54,54,32.6,7.8,17.4,.446,2.1,6.5,.324,5.7,10.9,.519,.506,4.1,5.3,.774,0.9,4.0,4.8,2.8,0.7,0.2,2.1,1.9,21.8
Keon Johnson,SG,20,POR,30,0,10.0,1.6,4.4,.366,0.7,2.0,.367,0.9,2.4,.366,.450,0.4,0.7,.571,0.3,0.9,1.2,1.1,0.5,0.1,1.0,1.0,4.3
Stanley Johnson,SF,26,SAS,30,0,15.6,2.2,4.1,.533,0.6,1.3,.450,1.6,2.7,.573,.607,0.9,1.3,.667,0.7,2.4,3.2,2.2,0.5,0.2,1.1,1.6,5.8
Nikola Jokić,C,27,DEN,54,54,33.7,9.4,14.9,.633,0.8,2.1,.398,8.6,12.8,.671,.661,5.1,6.2,.824,2.3,9.4,11.7,10.0,1.3,0.7,3.6,2.6,24.8
Carlik Jones,PG,25,CHI,2,0,11.5,0.5,2.5,.200,0.0,0.5,.000,0.5,2.0,.250,.200,0.5,2.0,.250,0.5,1.0,1.5,1.0,0.0,0.0,0.5,0.5,1.5
,,,,,,,,,,,,,,,,,,,,,,,,,,,,
Damian Jones,C,27,TOT,24,1,8.2,1.0,1.7,.561,0.0,0.1,.000,1.0,1.6,.605,.561,0.7,0.9,.727,0.8,1.8,2.6,0.2,0.1,0.6,0.4,0.9,2.6
Damian Jones,C,27,LAL,22,1,8.0,0.9,1.7,.541,0.0,0.1,.000,0.9,1.5,.588,.541,0.7,0.9,.750,0.8,1.7,2.5,0.2,0.1,0.5,0.4,0.8,2.5
Damian Jones,C,27,UTA,2,0,10.5,1.5,2.0,.750,0.0,0.0,,1.5,2.0,.750,.750,0.5,1.0,.500,1.0,2.5,3.5,0.5,0.0,1.0,0.5,2.0,3.5
Derrick Jones Jr.,SF,25,CHI,48,0,14.7,1.8,3.6,.506,0.4,1.1,.327,1.5,2.5,.588,.557,1.1,1.4,.794,1.0,1.5,2.5,0.6,0.5,0.6,0.4,1.4,5.2
Herbert Jones,SF,24,NOP,46,46,28.7,3.3,7.6,.440,0.7,2.6,.280,2.6,5.0,.522,.487,2.0,2.7,.748,1.3,2.5,3.9,2.2,1.6,0.7,1.3,3.2,9.4
Kai Jones,C,22,CHO,29,0,8.9,1.1,2.1,.533,0.1,0.4,.273,1.0,1.7,.592,.558,0.3,0.5,.714,0.7,1.2,1.9,0.2,0.3,0.4,0.3,1.1,2.7
Tre Jones,PG,23,SAS,52,52,29.3,4.9,11.3,.436,0.7,2.5,.265,4.3,8.8,.486,.466,2.2,2.5,.891,0.8,2.8,3.6,6.3,1.3,0.2,1.8,1.4,12.8
Tyus Jones,PG,26,MEM,59,9,22.9,3.7,8.5,.432,1.5,3.9,.377,2.2,4.6,.478,.518,1.0,1.2,.806,0.4,1.8,2.2,4.6,1.0,0.1,0.9,0.4,9.8
DeAndre Jordan,C,34,DEN,34,5,14.6,2.2,2.8,.771,0.0,0.0,1.000,2.1,2.8,.768,.776,0.5,1.2,.439,1.2,3.7,4.9,0.9,0.2,0.6,1.2,1.9,4.9
Cory Joseph,PG,31,DET,43,2,16.0,1.7,4.4,.388,0.6,2.0,.314,1.1,2.4,.451,.460,0.7,0.9,.769,0.2,1.1,1.3,3.2,0.4,0.1,0.7,1.5,4.7
Nikola Jović,PF,19,MIA,15,8,13.6,1.9,4.6,.406,0.5,2.3,.229,1.3,2.3,.588,.464,1.2,1.3,.947,0.6,1.5,2.1,0.7,0.5,0.1,0.7,1.3,5.5
Mfiondu Kabengele,PF,25,BOS,2,0,7.0,0.5,1.0,.500,0.0,0.5,.000,0.5,0.5,1.000,.500,0.0,0.0,,1.5,1.0,2.5,0.0,0.0,0.0,0.5,1.5,1.0
Frank Kaminsky,C,29,TOT,29,0,6.9,0.9,1.8,.510,0.4,0.9,.423,0.5,0.9,.600,.618,0.5,0.6,.875,0.1,1.2,1.4,0.9,0.2,0.1,0.3,0.8,2.7
Frank Kaminsky,C,29,ATL,26,0,6.8,1.0,1.7,.568,0.4,0.9,.478,0.5,0.8,.667,.693,0.4,0.5,.833,0.1,1.3,1.4,0.8,0.2,0.0,0.3,0.8,2.7
Frank Kaminsky,C,29,HOU,3,0,8.0,0.3,2.3,.143,0.0,1.0,.000,0.3,1.3,.250,.143,1.3,1.3,1.000,0.3,1.0,1.3,2.0,0.3,0.7,0.0,0.3,2.0
Trevor Keels,SG,19,NYK,1,0,1.0,0.0,1.0,.000,0.0,1.0,.000,0.0,0.0,,.000,0.0,0.0,,0.0,1.0,1.0,0.0,0.0,0.0,0.0,0.0,0.0
Luke Kennard,SG,26,TOT,38,11,20.8,2.8,5.9,.465,1.7,3.8,.462,1.0,2.2,.470,.611,0.6,0.6,.958,0.2,2.1,2.3,1.1,0.5,0.1,0.8,1.4,7.9
Luke Kennard,SG,26,LAC,35,11,20.7,2.8,6.0,.464,1.7,3.8,.447,1.1,2.3,.494,.604,0.5,0.6,.950,0.2,2.2,2.4,1.1,0.5,0.1,0.9,1.3,7.8
Luke Kennard,SG,26,MEM,3,0,22.3,2.3,5.0,.467,2.3,3.7,.636,0.0,1.3,.000,.700,1.3,1.3,1.000,0.3,1.3,1.7,1.7,0.0,0.0,0.0,2.0,8.3
Walker Kessler,C,21,UTA,59,25,21.6,3.6,5.0,.712,0.0,0.0,1.000,3.5,5.0,.711,.714,1.1,2.0,.534,2.9,5.0,7.9,0.8,0.4,2.2,0.8,2.2,8.2
Braxton Key,SF,25,DET,3,0,3.0,0.3,0.3,1.000,0.0,0.0,,0.3,0.3,1.000,1.000,0.7,0.7,1.000,0.0,0.3,0.3,0.0,0.0,0.0,0.0,0.0,1.3
Corey Kispert,SF,23,WAS,52,32,27.0,3.3,6.8,.476,1.8,4.5,.408,1.4,2.3,.607,.610,1.0,1.1,.864,0.4,2.3,2.7,1.2,0.6,0.1,0.8,1.3,9.3
Maxi Kleber,C,31,DAL,22,0,25.6,2.3,4.7,.490,1.1,3.0,.369,1.2,1.8,.692,.606,0.5,0.6,.786,0.9,2.7,3.5,1.0,0.3,1.0,0.6,2.2,6.2
Nathan Knight,PF,25,MIN,34,0,8.1,1.3,2.2,.573,0.2,0.6,.381,1.0,1.6,.648,.627,1.1,1.6,.679,0.6,0.9,1.5,0.4,0.3,0.2,0.6,1.1,3.8
Kevin Knox,PF-SF,23,TOT,46,1,13.3,1.8,4.0,.464,0.9,2.6,.361,0.9,1.4,.656,.582,0.6,0.8,.800,0.5,2.0,2.4,0.3,0.3,0.3,0.7,1.7,5.2
Kevin Knox,PF,23,DET,42,1,14.1,2.0,4.3,.469,1.0,2.8,.371,1.0,1.5,.651,.589,0.6,0.8,.788,0.5,2.1,2.6,0.4,0.3,0.3,0.8,1.8,5.6
Kevin Knox,SF,23,POR,4,0,5.0,0.3,1.0,.250,0.0,0.8,.000,0.3,0.3,1.000,.250,0.5,0.5,1.000,0.5,0.5,1.0,0.0,0.0,0.0,0.0,1.3,1.0
Christian Koloko,C,22,TOR,46,19,14.4,1.3,2.7,.484,0.0,0.2,.111,1.3,2.5,.513,.488,0.8,1.2,.660,1.5,1.7,3.2,0.5,0.3,1.0,0.4,2.4,3.4
,,,,,,,,,,,,,,,,,,,,,,,,,,,,
John Konchar,SG,26,MEM,51,22,22.1,2.2,5.0,.439,1.0,2.8,.366,1.2,2.2,.531,.541,0.5,0.5,.852,0.9,3.8,4.7,1.4,1.0,0.3,0.6,1.5,5.9
Furkan Korkmaz,SG,25,PHI,25,0,10.2,1.3,3.1,.410,0.5,1.4,.343,0.8,1.7,.465,.487,0.8,1.2,.655,0.2,0.9,1.2,0.7,0.2,0.1,0.6,0.4,3.8
Luke Kornet,C,27,BOS,53,0,11.6,1.6,2.3,.697,0.1,0.2,.333,1.5,2.1,.726,.709,0.5,0.6,.853,1.2,1.6,2.8,0.7,0.2,0.8,0.4,1.3,3.8
Vit Krejci,PG,22,ATL,22,0,5.5,0.5,1.3,.379,0.2,0.8,.278,0.3,0.5,.545,.466,0.0,0.1,.500,0.1,0.5,0.6,0.5,0.1,0.0,0.2,0.5,1.3
Jonathan Kuminga,PF,20,GSW,49,11,19.7,3.3,6.8,.485,0.7,2.1,.327,2.6,4.7,.557,.536,1.3,1.9,.660,0.9,2.2,3.1,1.9,0.5,0.4,1.5,2.3,8.5
Kyle Kuzma,PF,27,WAS,55,55,35.1,8.0,18.0,.447,2.5,7.7,.331,5.5,10.3,.534,.518,2.6,3.6,.717,0.9,6.5,7.5,3.9,0.5,0.5,3.0,2.4,21.2
Anthony Lamb,SF,25,GSW,46,3,19.7,2.5,5.2,.494,1.3,3.4,.387,1.2,1.8,.695,.620,0.7,0.9,.721,0.9,2.5,3.4,1.7,0.5,0.3,1.0,2.4,7.1
Jock Landale,C,27,PHO,53,3,14.2,2.5,4.8,.508,0.3,1.5,.234,2.1,3.4,.626,.543,1.3,1.7,.775,1.8,2.4,4.1,0.9,0.3,0.5,0.9,1.8,6.5
Romeo Langford,SG,23,SAS,32,19,20.2,3.1,6.4,.490,0.4,1.4,.283,2.7,4.9,.551,.522,0.8,1.2,.649,1.4,1.4,2.9,1.3,0.5,0.3,0.7,1.7,7.4
Jake LaRavia,PF,21,MEM,31,0,12.5,1.1,2.8,.391,0.7,2.0,.333,0.4,0.8,.542,.511,0.2,0.3,.778,0.5,1.4,1.9,0.7,0.4,0.1,0.6,1.5,3.1
Zach LaVine,SG,27,CHI,57,57,35.8,8.4,17.8,.472,2.7,7.3,.374,5.7,10.5,.540,.549,4.6,5.5,.840,0.5,4.3,4.8,4.0,0.9,0.2,2.6,2.3,24.2
A.J. Lawson,SG,22,TOT,13,0,4.8,1.0,2.0,.500,0.5,1.2,.438,0.5,0.8,.600,.635,0.1,0.2,.333,0.2,0.6,0.8,0.1,0.1,0.0,0.1,0.6,2.6
A.J. Lawson,SG,22,MIN,1,0,2.0,1.0,1.0,1.000,0.0,0.0,,1.0,1.0,1.000,1.000,0.0,0.0,,0.0,1.0,1.0,0.0,0.0,0.0,0.0,1.0,2.0
A.J. Lawson,SG,22,DAL,12,0,5.1,1.0,2.1,.480,0.6,1.3,.438,0.4,0.8,.556,.620,0.1,0.3,.333,0.2,0.6,0.8,0.1,0.1,0.0,0.1,0.6,2.7
Damion Lee,SG,30,PHO,62,5,21.8,2.8,6.5,.438,1.6,3.6,.438,1.2,2.8,.437,.561,1.5,1.6,.909,0.5,2.7,3.2,1.5,0.5,0.1,1.1,1.6,8.7
Saben Lee,PG,23,TOT,20,0,14.7,1.9,4.2,.440,0.4,1.0,.368,1.5,3.3,.462,.482,1.7,2.3,.756,0.5,1.3,1.8,2.7,0.8,0.1,1.2,1.4,5.8
Saben Lee,PG,23,PHI,2,0,5.0,1.5,2.0,.750,0.0,0.5,.000,1.5,1.5,1.000,.750,0.0,0.0,,0.0,0.0,0.0,1.0,0.5,0.0,1.5,0.5,3.0
Saben Lee,PG,23,PHO,18,0,15.8,1.9,4.4,.425,0.4,1.0,.389,1.5,3.4,.435,.469,1.9,2.5,.756,0.6,1.4,2.0,2.9,0.8,0.1,1.1,1.4,6.1
Alex Len,C,29,SAC,14,1,3.4,0.4,0.7,.500,0.0,0.1,.000,0.4,0.6,.556,.500,0.2,0.3,.750,0.3,0.8,1.1,0.4,0.0,0.0,0.4,0.7,0.9
Kawhi Leonard,SF,31,LAC,36,34,32.9,8.4,16.4,.510,1.8,4.5,.405,6.6,11.9,.550,.566,4.4,5.1,.869,1.2,5.0,6.1,4.0,1.4,0.6,1.5,1.6,23.0
Meyers Leonard,C,30,MIL,2,0,10.0,1.0,2.5,.400,1.0,2.0,.500,0.0,0.5,.000,.600,1.0,1.0,1.000,1.0,2.0,3.0,0.0,0.5,0.0,0.5,1.5,4.0
Caris LeVert,SG,28,CLE,58,26,30.0,4.2,10.1,.411,1.5,4.2,.360,2.7,5.9,.446,.485,1.8,2.5,.720,0.7,3.2,3.9,4.0,0.8,0.2,1.6,2.2,11.6
Kira Lewis Jr.,PG,21,NOP,15,0,10.6,2.0,4.1,.492,0.7,1.5,.455,1.3,2.6,.513,.574,0.9,1.0,.933,0.3,1.7,1.9,1.0,0.3,0.1,0.5,1.1,5.6
Damian Lillard,PG,32,POR,47,47,36.3,9.7,20.6,.472,4.3,11.4,.381,5.4,9.2,.583,.577,8.5,9.2,.919,0.6,3.7,4.3,7.2,0.8,0.3,3.2,1.9,32.3
,,,,,,,,,,,,,,,,,,,,,,,,,,,,
Nassir Little,SF,22,POR,39,2,17.3,2.4,5.0,.480,1.2,2.8,.426,1.2,2.3,.545,.597,0.6,0.9,.657,0.5,2.2,2.6,1.0,0.4,0.4,0.5,1.1,6.6
Isaiah Livers,PF,24,DET,40,10,21.0,1.9,4.6,.407,1.3,3.5,.369,0.6,1.0,.537,.549,0.6,0.7,.786,0.5,1.8,2.3,0.6,0.5,0.6,0.6,1.9,5.6
Kenneth Lofton Jr.,PF,20,MEM,9,0,3.9,0.9,2.2,.400,0.0,0.4,.000,0.9,1.8,.500,.400,0.3,0.6,.600,0.1,0.4,0.6,0.6,0.1,0.0,0.2,0.6,2.1
Kevon Looney,C,26,GSW,61,54,23.5,2.9,4.4,.659,0.0,0.0,,2.9,4.4,.659,.659,1.1,1.8,.607,3.1,6.0,9.1,2.5,0.5,0.6,0.5,2.9,6.9
Brook Lopez,C,34,MIL,59,59,30.4,5.6,11.0,.509,1.8,4.9,.372,3.8,6.1,.619,.592,1.7,2.2,.766,2.0,4.7,6.6,1.2,0.5,2.4,1.4,2.5,14.7
Robin Lopez,C,34,CLE,32,1,7.7,1.2,1.8,.655,0.1,0.1,.667,1.1,1.7,.655,.672,0.4,0.5,.750,0.6,0.7,1.3,0.4,0.0,0.1,0.7,1.0,2.8
Kevin Love,PF,34,TOT,44,6,20.2,2.7,7.0,.383,1.7,4.9,.346,1.0,2.1,.468,.503,1.3,1.5,.892,1.0,5.9,7.0,1.9,0.2,0.2,1.1,1.6,8.4
Kevin Love,PF,34,CLE,41,3,20.0,2.7,7.0,.389,1.7,4.8,.354,1.0,2.2,.467,.511,1.4,1.5,.889,1.0,5.8,6.8,1.9,0.2,0.2,1.1,1.6,8.5
Kevin Love,PF,34,MIA,3,3,23.0,2.3,7.7,.304,1.7,6.3,.263,0.7,1.3,.500,.413,0.7,0.7,1.000,1.0,7.7,8.7,2.7,0.7,0.7,0.3,2.0,7.0
Kyle Lowry,PG,36,MIA,44,44,33.3,3.8,9.7,.396,2.0,6.1,.333,1.8,3.6,.503,.501,2.3,2.7,.855,0.9,3.5,4.3,5.3,1.1,0.4,2.0,2.8,12.0
Trey Lyles,PF,27,SAC,54,0,16.2,2.5,5.3,.476,1.1,3.0,.368,1.4,2.3,.618,.580,1.3,1.6,.812,0.9,2.7,3.6,0.9,0.4,0.4,0.8,1.2,7.4
Théo Maledon,PG,21,CHO,36,1,16.1,1.8,4.4,.414,0.6,1.8,.333,1.2,2.6,.468,.481,1.4,1.6,.875,0.3,2.1,2.4,2.4,0.8,0.2,1.0,1.0,5.6
Sandro Mamukelashvili,C,23,MIL,24,0,9.0,0.8,2.4,.328,0.3,1.3,.219,0.5,1.1,.462,.388,0.5,0.8,.667,0.8,1.6,2.3,0.7,0.2,0.2,0.4,0.8,2.4
Terance Mann,SG,26,LAC,62,35,23.5,3.5,6.8,.525,1.0,2.5,.392,2.6,4.3,.602,.597,1.1,1.4,.775,1.0,2.8,3.7,2.2,0.5,0.3,0.9,1.9,9.2
Tre Mann,PG,21,OKC,54,4,18.2,3.0,7.8,.389,1.3,4.1,.309,1.8,3.7,.477,.470,0.5,0.7,.700,0.4,1.9,2.3,1.6,0.6,0.2,0.9,1.5,7.9
Boban Marjanović,C,34,HOU,20,0,4.5,1.3,1.9,.676,0.0,0.1,.000,1.3,1.8,.694,.676,0.8,1.1,.762,0.6,1.1,1.6,0.2,0.1,0.1,0.3,0.2,3.3
Lauri Markkanen,SF,25,UTA,56,56,34.4,8.5,16.6,.513,3.0,7.4,.408,5.5,9.2,.599,.605,5.1,5.8,.883,1.8,6.7,8.5,1.8,0.6,0.6,1.9,2.1,25.2
Naji Marshall,SF,25,NOP,57,19,24.6,3.3,7.8,.428,1.0,3.1,.311,2.4,4.7,.506,.490,1.8,2.4,.778,0.7,3.0,3.7,2.5,0.8,0.2,1.2,1.5,9.5
Caleb Martin,PF,27,MIA,52,49,30.1,3.8,8.3,.453,1.3,3.6,.362,2.4,4.7,.525,.533,1.3,1.6,.774,1.3,3.8,5.2,1.6,1.0,0.4,1.1,2.1,10.1
Cody Martin,SF,27,CHO,7,0,19.1,2.0,5.1,.389,0.4,2.0,.214,1.6,3.1,.500,.431,0.6,1.0,.571,1.1,2.3,3.4,1.6,0.6,0.1,0.3,1.9,5.0
Kenyon Martin Jr.,SF,22,HOU,60,27,26.6,4.6,8.3,.559,0.9,2.7,.319,3.8,5.6,.674,.611,1.7,2.6,.658,1.5,4.1,5.6,1.6,0.5,0.4,1.2,1.8,11.8
Tyrese Martin,SG,23,ATL,13,0,3.5,0.5,1.2,.375,0.1,0.4,.200,0.4,0.8,.455,.406,0.2,0.2,1.000,0.2,0.3,0.5,0.0,0.1,0.0,0.1,0.2,1.2
,,,,,,,,,,,,,,,,,,,,,,,,,,,,
Garrison Mathews,SG,26,TOT,47,0,12.9,1.3,3.6,.357,1.1,3.3,.346,0.1,0.3,.467,.515,0.9,1.0,.911,0.2,1.1,1.3,0.5,0.5,0.1,0.4,1.2,4.6
Garrison Mathews,SG,26,HOU,45,0,13.4,1.3,3.8,.353,1.2,3.4,.342,0.2,0.3,.467,.509,0.9,1.0,.911,0.2,1.2,1.4,0.5,0.5,0.1,0.4,1.2,4.8
Garrison Mathews,SG,26,ATL,2,0,3.0,0.5,0.5,1.000,0.5,0.5,1.000,0.0,0.0,,1.500,0.0,0.0,,0.0,0.5,0.5,0.0,0.0,0.0,0.0,0.0,1.5
Bennedict Mathurin,SF,20,IND,62,6,28.3,5.5,12.7,.430,1.4,4.3,.325,4.1,8.4,.485,.485,4.9,5.9,.828,1.1,3.0,4.1,1.5,0.6,0.1,1.8,2.1,17.3
Wesley Matthews,SG,36,MIL,39,0,15.6,1.0,3.0,.331,0.8,2.4,.326,0.2,0.6,.348,.462,0.4,0.5,.850,0.8,1.5,2.2,0.5,0.4,0.3,0.4,1.4,3.2
Tyrese Maxey,SG,22,PHI,41,22,32.5,7.0,15.5,.452,2.3,5.9,.384,4.8,9.6,.494,.525,3.1,3.9,.811,0.4,2.3,2.8,3.5,0.8,0.1,1.4,2.2,19.5
Miles McBride,PG,22,NYK,49,2,12.2,1.1,3.3,.335,0.6,2.1,.286,0.5,1.2,.424,.427,0.4,0.7,.688,0.2,0.7,0.9,1.1,0.5,0.0,0.4,0.9,3.3
CJ McCollum,SG,31,NOP,55,55,35.0,7.9,18.1,.434,2.8,7.4,.377,5.1,10.7,.474,.511,2.4,3.1,.788,0.8,3.5,4.3,5.9,0.9,0.6,2.6,2.0,21.0
T.J. McConnell,PG,30,IND,59,6,19.5,3.3,6.3,.523,0.3,0.7,.419,3.0,5.6,.536,.547,0.7,0.8,.854,0.6,2.4,2.9,5.0,1.0,0.1,1.8,1.3,7.6
Jaden McDaniels,PF,22,MIN,60,60,30.6,4.5,8.7,.516,1.3,3.3,.385,3.2,5.4,.596,.589,1.2,1.7,.733,1.3,2.6,3.9,2.0,1.0,1.0,1.4,3.5,11.4
Jalen McDaniels,SF,25,TOT,62,21,25.6,3.7,8.3,.448,1.1,3.3,.325,2.6,5.0,.529,.513,1.5,1.8,.829,0.8,3.9,4.7,1.9,1.1,0.5,1.3,2.8,10.0
Jalen McDaniels,SF,25,CHO,56,21,26.7,3.9,8.8,.447,1.2,3.6,.322,2.8,5.2,.534,.513,1.6,1.9,.846,0.8,4.0,4.8,2.0,1.2,0.5,1.4,2.8,10.6
Jalen McDaniels,SF,25,PHI,6,0,16.0,1.7,3.7,.455,0.3,0.7,.500,1.3,3.0,.444,.500,0.7,1.2,.571,1.3,2.3,3.7,1.0,0.5,0.0,0.2,2.2,4.3
Doug McDermott,SF,31,SAS,53,0,20.5,3.6,7.9,.459,1.8,4.4,.409,1.8,3.5,.525,.574,0.7,1.0,.745,0.3,1.8,2.2,1.5,0.2,0.1,0.9,1.8,9.8
JaVale McGee,C,35,DAL,36,7,8.1,1.8,2.9,.604,0.0,0.1,.250,1.8,2.8,.618,.608,0.5,0.9,.563,0.8,1.8,2.6,0.3,0.1,0.6,0.9,1.2,4.1
Bryce McGowens,SG,20,CHO,27,1,14.3,1.3,3.5,.379,0.4,1.2,.364,0.9,2.3,.387,.442,0.8,1.0,.786,0.3,1.3,1.7,1.0,0.3,0.1,0.6,0.8,3.9
Rodney McGruder,SG,31,DET,22,3,11.3,1.0,2.9,.365,0.8,2.0,.378,0.3,0.8,.333,.500,0.4,0.6,.692,0.5,0.9,1.4,0.7,0.3,0.0,0.3,0.7,3.3
Jordan McLaughlin,PG,26,MIN,26,0,15.2,1.3,3.3,.412,0.4,1.7,.227,1.0,1.6,.610,.471,0.3,0.4,.900,0.5,1.1,1.6,3.1,0.8,0.1,0.8,0.5,3.4
De'Anthony Melton,PG,24,PHI,57,48,28.2,3.7,8.7,.424,2.1,5.3,.398,1.6,3.4,.464,.545,0.8,1.1,.783,0.9,3.1,4.1,2.6,1.6,0.5,1.4,2.5,10.4
Chimezie Metu,C,25,SAC,47,0,11.1,2.1,3.4,.609,0.2,0.7,.258,1.9,2.8,.692,.634,0.7,0.9,.780,0.8,2.4,3.2,0.7,0.3,0.3,0.6,1.4,5.0
Khris Middleton,SF,31,MIL,19,7,21.4,4.8,11.5,.417,1.4,4.7,.289,3.4,6.7,.508,.477,2.4,2.6,.920,0.7,3.4,4.2,4.1,0.6,0.2,2.1,2.2,13.4
Patty Mills,PG,34,BRK,36,1,13.3,2.0,4.9,.412,1.2,3.2,.368,0.9,1.8,.492,.531,0.5,0.6,.905,0.2,0.8,1.0,1.3,0.4,0.1,0.6,0.8,5.8
Shake Milton,SG,26,PHI,56,9,20.7,3.3,6.8,.493,0.7,1.9,.383,2.6,4.9,.537,.547,1.4,1.6,.846,0.5,2.1,2.6,2.9,0.3,0.2,1.3,1.6,8.8
Josh Minott,SF,20,MIN,11,0,6.2,1.3,2.5,.519,0.1,0.4,.250,1.2,2.1,.565,.537,0.5,0.5,1.000,0.5,1.5,2.0,0.3,0.3,0.5,0.0,0.6,3.2
,,,,,,,,,,,,,,,,,,,,,,,,,,,,
Davion Mitchell,PG,24,SAC,59,5,17.8,2.2,4.9,.447,0.8,2.3,.326,1.4,2.6,.556,.524,0.3,0.4,.800,0.2,1.1,1.3,2.2,0.5,0.2,0.8,1.4,5.5
Donovan Mitchell,SG,26,CLE,53,53,35.4,9.5,19.8,.479,3.7,9.4,.389,5.8,10.4,.561,.571,4.5,5.2,.876,0.9,3.1,4.0,4.8,1.5,0.4,2.7,2.4,27.2
Evan Mobley,PF,21,CLE,62,62,34.1,6.5,11.9,.552,0.3,1.3,.220,6.3,10.5,.594,.565,2.6,3.7,.696,2.3,6.5,8.8,2.7,0.8,1.3,2.0,2.9,16.0
Isaiah Mobley,PF,23,CLE,9,0,2.9,0.4,0.9,.500,0.1,0.2,.500,0.3,0.7,.500,.563,0.0,0.0,,0.1,1.1,1.2,0.0,0.1,0.0,0.0,0.2,1.0
Chima Moneke,SF,27,SAC,2,0,4.0,0.5,1.0,.500,0.0,0.0,,0.5,1.0,.500,.500,0.0,1.0,.000,1.0,0.0,1.0,0.5,0.0,0.0,1.0,1.0,1.0
Malik Monk,SG,24,SAC,57,0,22.8,4.9,10.8,.455,1.8,5.2,.344,3.1,5.6,.558,.537,2.4,2.7,.901,0.5,2.1,2.6,3.8,0.6,0.2,2.0,1.6,14.0
Moses Moody,SG,20,GSW,47,3,13.9,1.7,3.9,.434,0.8,2.4,.333,0.9,1.4,.603,.538,0.7,0.9,.727,0.4,1.2,1.6,0.9,0.3,0.1,0.6,0.8,4.9
Wendell Moore Jr.,SG,21,MIN,24,2,5.8,0.6,1.5,.405,0.1,0.7,.125,0.5,0.9,.619,.432,0.2,0.2,.800,0.1,0.6,0.7,0.7,0.3,0.2,0.3,0.5,1.5
Ja Morant,PG,23,MEM,50,50,32.6,9.6,20.7,.463,1.6,5.2,.317,7.9,15.5,.512,.502,6.2,8.4,.741,1.1,4.8,5.9,8.1,1.1,0.3,3.5,1.7,27.0
Marcus Morris,PF,33,LAC,55,55,28.7,4.5,10.5,.432,1.9,5.1,.375,2.6,5.4,.485,.522,1.2,1.5,.780,0.4,3.7,4.1,1.8,0.6,0.4,0.9,2.2,12.2
Markieff Morris,PF,33,TOT,28,1,10.5,1.2,3.0,.405,0.8,1.8,.412,0.5,1.2,.394,.530,0.4,0.4,1.000,0.5,1.6,2.1,0.9,0.3,0.2,0.5,1.3,3.5
Markieff Morris,PF,33,BRK,27,1,10.6,1.2,3.0,.402,0.7,1.8,.408,0.5,1.2,.394,.524,0.4,0.4,1.000,0.5,1.7,2.2,0.9,0.3,0.2,0.5,1.2,3.6
Markieff Morris,PF,33,DAL,1,0,9.0,1.0,2.0,.500,1.0,2.0,.500,0.0,0.0,,.750,0.0,0.0,,0.0,0.0,0.0,0.0,1.0,0.0,1.0,3.0,3.0
Monte Morris,PG,27,WAS,51,51,28.1,4.0,8.2,.483,1.4,3.3,.406,2.6,4.9,.536,.565,1.1,1.3,.806,0.4,3.0,3.4,5.3,0.7,0.2,1.0,1.4,10.4
Trey Murphy III,SF,22,NOP,59,46,29.1,4.4,9.2,.475,2.1,5.5,.389,2.2,3.7,.603,.591,1.8,2.0,.908,0.8,2.8,3.6,1.3,1.0,0.5,0.8,2.0,12.7
Dejounte Murray,SG,26,ATL,56,56,36.4,8.4,18.1,.467,2.1,5.6,.367,6.4,12.4,.512,.524,2.0,2.4,.837,0.7,4.8,5.5,6.1,1.5,0.3,2.3,1.4,20.9
Jamal Murray,PG,25,DEN,48,48,32.6,7.3,16.1,.451,2.4,6.3,.384,4.8,9.8,.494,.526,3.0,3.6,.827,0.8,3.3,4.1,6.0,1.0,0.2,2.1,1.4,19.9
Keegan Murray,SF,22,SAC,58,56,29.7,4.3,9.7,.447,2.5,6.0,.414,1.8,3.7,.502,.576,0.9,1.1,.800,1.1,3.4,4.6,1.1,0.8,0.6,0.8,1.9,12.0
Mike Muscala,C,31,TOT,47,6,15.1,2.2,5.0,.445,1.4,3.6,.395,0.8,1.5,.565,.585,0.7,0.9,.780,0.5,2.7,3.2,0.9,0.3,0.4,0.3,1.7,6.6
Mike Muscala,C,31,OKC,43,5,14.5,2.1,4.7,.438,1.3,3.3,.394,0.8,1.4,.541,.576,0.7,0.9,.795,0.5,2.6,3.1,0.9,0.3,0.4,0.3,1.6,6.2
Mike Muscala,C,31,BOS,4,1,22.0,4.0,8.3,.485,2.5,6.3,.400,1.5,2.0,.750,.636,0.3,0.5,.500,0.3,3.5,3.8,0.5,0.3,0.5,0.5,2.0,10.8
Svi Mykhailiuk,SF,25,TOT,15,0,4.7,0.7,1.7,.440,0.5,1.1,.500,0.2,0.6,.333,.600,0.2,0.4,.500,0.1,0.5,0.6,0.1,0.1,0.0,0.3,0.2,2.2
Svi Mykhailiuk,SF,25,NYK,13,0,3.1,0.5,0.9,.500,0.5,0.8,.600,0.0,0.2,.000,.750,0.2,0.4,.600,0.0,0.5,0.5,0.1,0.1,0.0,0.2,0.1,1.6
Svi Mykhailiuk,SF,25,CHO,2,0,15.5,2.5,6.5,.385,1.0,3.0,.333,1.5,3.5,.429,.462,0.0,0.5,.000,0.5,0.5,1.0,0.5,0.0,0.0,1.0,1.0,6.0
Larry Nance Jr.,PF,30,NOP,50,1,22.3,3.2,5.3,.616,0.3,0.8,.342,3.0,4.5,.662,.641,1.0,1.4,.676,1.8,4.1,5.9,1.9,0.9,0.7,0.7,2.1,7.7
Andrew Nembhard,SG,23,IND,55,43,26.9,3.2,7.6,.422,1.2,3.5,.340,2.0,4.1,.493,.501,0.5,0.5,.867,0.5,2.2,2.7,4.1,1.0,0.2,1.7,2.6,8.1
,,,,,,,,,,,,,,,,,,,,,,,,,,,,
Aaron Nesmith,SF,23,IND,55,43,24.6,3.3,8.0,.416,1.5,4.2,.349,1.9,3.8,.490,.508,1.6,1.8,.870,0.8,2.9,3.8,1.2,0.8,0.4,0.9,3.4,9.7
Raul Neto,PG,30,CLE,41,1,10.2,1.1,2.2,.517,0.3,0.9,.333,0.8,1.3,.642,.584,0.6,0.6,.920,0.2,0.8,1.0,1.4,0.4,0.1,0.3,0.9,3.1
Georges Niang,PF,29,PHI,58,0,19.4,3.0,6.7,.442,2.1,5.2,.401,0.9,1.6,.578,.596,0.5,0.6,.875,0.3,2.1,2.4,1.1,0.4,0.2,0.7,1.9,8.5
Daishen Nix,PG,20,HOU,43,5,16.0,1.4,4.0,.349,0.8,2.5,.315,0.6,1.5,.406,.448,0.5,0.7,.710,0.3,1.4,1.7,2.5,0.7,0.1,1.4,1.0,4.1
Zeke Nnaji,PF,22,DEN,44,5,13.3,2.0,3.5,.572,0.3,1.0,.289,1.7,2.4,.692,.615,0.8,1.2,.667,1.3,1.0,2.3,0.3,0.3,0.4,0.5,1.8,5.1
Nerlens Noel,C,28,DET,14,3,10.9,0.9,2.1,.400,0.1,0.1,.500,0.8,2.0,.393,.417,0.5,0.7,.700,0.5,2.1,2.6,0.5,0.9,0.6,0.6,1.8,2.3
Jaylen Nowell,SG,23,MIN,62,2,19.5,4.3,9.7,.446,1.1,3.6,.293,3.2,6.0,.537,.501,1.2,1.6,.784,0.5,2.1,2.6,2.0,0.6,0.1,1.0,1.5,10.9
Frank Ntilikina,PG,24,DAL,38,3,12.2,0.9,2.6,.347,0.3,1.4,.208,0.6,1.2,.511,.403,0.4,0.6,.636,0.2,1.2,1.3,1.2,0.3,0.1,0.7,1.3,2.4
Kendrick Nunn,SG-PG,27,TOT,52,2,14.5,2.7,6.5,.420,1.1,3.2,.337,1.7,3.3,.500,.503,0.5,0.6,.839,0.2,1.3,1.6,1.3,0.4,0.1,0.9,0.9,7.0
Kendrick Nunn,SG,27,LAL,39,2,13.5,2.6,6.4,.406,1.1,3.2,.325,1.6,3.2,.488,.488,0.4,0.5,.810,0.1,1.3,1.4,0.9,0.3,0.1,0.8,0.9,6.7
Kendrick Nunn,PG,27,WAS,13,0,17.5,3.1,6.7,.460,1.2,3.1,.375,1.9,3.6,.532,.546,0.7,0.8,.900,0.5,1.5,2.0,2.5,0.6,0.0,1.2,1.1,8.0
Jusuf Nurkić,C,28,POR,45,45,27.3,5.2,9.8,.524,0.9,2.2,.390,4.3,7.6,.563,.568,2.6,3.8,.686,2.3,7.2,9.4,2.9,0.9,0.9,2.4,3.6,13.8
Jordan Nwora,SF,24,TOT,42,3,15.8,2.1,5.4,.390,1.0,2.8,.379,1.1,2.7,.402,.487,0.9,1.1,.826,0.7,2.4,3.2,1.1,0.4,0.2,0.9,0.9,6.2
Jordan Nwora,SF,24,MIL,38,3,15.7,2.0,5.2,.386,1.1,2.7,.392,0.9,2.5,.379,.487,1.0,1.1,.860,0.8,2.3,3.1,1.0,0.3,0.2,0.9,0.9,6.0
Jordan Nwora,SF,24,IND,4,0,16.5,3.3,7.8,.419,1.0,3.5,.286,2.3,4.3,.529,.484,0.3,0.8,.333,0.5,3.5,4.0,2.3,0.8,0.0,0.8,0.5,7.8
Royce O'Neale,SF,29,BRK,57,52,33.0,3.1,7.9,.395,2.2,5.5,.402,0.9,2.4,.380,.535,0.6,0.8,.739,0.6,4.1,4.7,3.8,0.8,0.7,1.6,3.1,9.1
Chuma Okeke,SF,24,ORL,19,7,21.3,1.7,4.6,.364,0.9,3.2,.295,0.7,1.4,.519,.466,0.8,1.1,.762,1.1,3.0,4.1,1.4,0.6,0.5,0.5,1.8,5.2
Josh Okogie,SG,24,PHO,52,6,15.6,2.1,5.0,.424,0.8,2.2,.345,1.4,2.8,.486,.500,1.5,2.2,.699,1.5,1.8,3.3,1.2,0.7,0.4,0.9,1.5,6.6
Onyeka Okongwu,C,22,ATL,59,17,24.1,3.9,6.2,.635,0.0,0.1,.200,3.9,6.1,.641,.636,1.5,2.1,.746,2.6,4.7,7.4,1.0,0.7,1.3,1.0,3.3,9.4
Isaac Okoro,SF,22,CLE,64,34,21.2,2.3,4.6,.491,0.8,2.2,.355,1.5,2.4,.618,.577,1.0,1.4,.736,0.7,1.9,2.6,1.1,0.7,0.4,0.6,1.9,6.3
KZ Okpala,PF,23,SAC,35,3,7.1,0.5,1.1,.421,0.2,0.6,.333,0.3,0.5,.529,.513,0.2,0.2,.875,0.2,0.8,1.0,0.4,0.2,0.2,0.2,1.1,1.3
Victor Oladipo,SG,30,MIA,29,1,27.6,3.8,9.6,.396,1.4,4.7,.292,2.4,4.9,.496,.468,1.5,2.0,.754,0.4,2.9,3.3,3.7,1.6,0.2,1.9,2.4,10.4
Kelly Olynyk,C,31,UTA,50,50,28.2,4.0,8.1,.495,1.5,3.6,.410,2.6,4.6,.561,.585,2.6,3.0,.842,1.3,4.1,5.4,3.3,1.0,0.6,2.2,3.8,12.1
Eugene Omoruyi,SF,25,OKC,23,2,11.8,1.9,4.1,.468,0.3,1.3,.258,1.6,2.7,.571,.511,0.7,1.2,.607,1.0,1.3,2.3,0.5,0.6,0.0,0.7,2.0,4.9
,,,,,,,,,,,,,,,,,,,,,,,,,,,,
Cedi Osman,SF,27,CLE,60,0,21.0,3.3,7.2,.453,1.4,4.1,.348,1.8,3.1,.591,.552,1.0,1.5,.659,0.3,2.0,2.3,1.6,0.5,0.1,0.7,1.6,8.9
Kelly Oubre Jr.,SF,27,CHO,38,30,31.9,7.3,17.2,.423,2.2,7.1,.310,5.1,10.0,.504,.488,2.9,4.0,.730,1.4,3.7,5.1,1.1,1.5,0.3,1.3,3.0,19.7
Chris Paul,PG,37,PHO,41,41,32.1,4.8,11.3,.429,1.6,4.1,.376,3.3,7.1,.459,.498,2.6,3.2,.817,0.4,3.8,4.2,8.9,1.5,0.4,2.1,2.2,13.8
Cameron Payne,PG,28,PHO,30,14,23.2,4.4,10.8,.410,1.7,4.5,.381,2.7,6.3,.432,.489,1.3,1.8,.736,0.3,2.0,2.4,4.9,0.9,0.2,2.0,2.1,11.9
Gary Payton II,PG,30,POR,15,1,17.0,1.6,2.7,.585,0.6,1.1,.529,1.0,1.6,.625,.695,0.3,0.3,1.000,0.7,1.9,2.6,1.5,1.1,0.1,0.8,1.9,4.1
Theo Pinson,SG,27,DAL,33,0,7.2,0.6,1.8,.339,0.5,1.3,.357,0.2,0.5,.294,.466,0.3,0.3,.818,0.2,0.9,1.2,0.9,0.1,0.0,0.3,0.7,1.9
Scotty Pippen Jr.,PG,22,LAL,6,0,5.3,0.7,2.0,.333,0.2,0.5,.333,0.5,1.5,.333,.375,0.8,1.5,.556,0.3,0.3,0.7,0.3,0.3,0.2,0.3,0.5,2.3
Mason Plumlee,C,32,TOT,60,58,28.1,4.6,6.8,.677,0.0,0.0,,4.6,6.8,.677,.677,2.8,4.5,.615,3.2,6.3,9.5,3.6,0.6,0.6,1.5,2.9,11.9
Mason Plumlee,C,32,CHO,56,56,28.5,4.7,7.1,.669,0.0,0.0,,4.7,7.1,.669,.669,2.8,4.6,.605,3.3,6.3,9.7,3.7,0.6,0.6,1.6,2.9,12.2
Mason Plumlee,C,32,LAC,4,2,21.8,2.5,2.5,1.000,0.0,0.0,,2.5,2.5,1.000,1.000,2.8,3.5,.786,1.5,6.3,7.8,2.8,0.8,0.8,1.3,3.0,7.8
Jakob Poeltl,C,27,TOT,52,51,26.2,5.3,8.4,.632,0.0,0.0,.000,5.3,8.4,.633,.632,1.7,2.9,.586,3.3,5.8,9.1,3.0,0.9,1.2,1.9,2.7,12.3
Jakob Poeltl,C,27,SAS,46,46,26.1,5.2,8.4,.616,0.0,0.0,.000,5.2,8.4,.618,.616,1.7,2.8,.605,3.3,5.7,9.0,3.1,0.8,1.1,2.1,2.6,12.1
Jakob Poeltl,C,27,TOR,6,5,27.2,6.2,8.2,.755,0.0,0.0,,6.2,8.2,.755,.755,1.8,3.8,.478,3.5,6.3,9.8,2.3,1.7,2.0,0.8,3.7,14.2
Aleksej Pokusevski,PF,21,OKC,31,25,21.8,3.5,7.8,.440,1.2,3.3,.376,2.2,4.6,.486,.519,0.7,1.1,.636,1.5,3.6,5.1,2.0,0.6,1.3,1.3,1.8,8.8
Jordan Poole,PG,23,GSW,61,38,30.7,7.0,16.1,.432,2.6,8.0,.330,4.4,8.2,.532,.514,4.1,4.7,.862,0.4,2.4,2.8,4.6,0.8,0.2,3.3,2.7,20.7
Kevin Porter Jr.,PG,22,HOU,40,40,34.0,6.7,15.4,.437,2.2,6.4,.346,4.5,9.0,.501,.509,3.5,4.6,.766,1.4,4.1,5.5,5.6,1.3,0.4,3.6,2.7,19.2
Michael Porter Jr.,SF,24,DEN,45,45,29.3,6.3,13.1,.480,3.0,7.3,.409,3.3,5.8,.569,.594,1.5,1.9,.800,0.9,4.5,5.4,1.0,0.6,0.5,1.1,2.2,17.0
Otto Porter Jr.,SF,29,TOR,8,2,18.3,1.9,3.8,.500,0.8,2.1,.353,1.1,1.6,.692,.600,1.0,1.0,1.000,0.8,1.6,2.4,1.0,1.4,0.0,0.5,0.9,5.5
Bobby Portis,PF,27,MIL,49,15,26.6,5.9,11.9,.501,1.2,3.6,.339,4.7,8.3,.570,.552,1.3,1.6,.844,2.6,7.4,10.0,1.8,0.4,0.2,1.2,1.7,14.4
Kristaps Porziņģis,C,27,WAS,51,51,32.6,7.4,15.2,.487,2.1,5.5,.376,5.3,9.7,.549,.555,5.9,7.0,.846,1.9,6.7,8.6,2.5,0.9,1.5,2.2,3.1,22.8
Micah Potter,PF,24,UTA,3,0,4.7,0.7,0.7,1.000,0.0,0.0,,0.7,0.7,1.000,1.000,0.0,0.0,,0.3,0.7,1.0,0.7,0.0,0.0,0.0,0.7,1.3
Dwight Powell,C,31,DAL,57,45,19.9,2.6,3.6,.725,0.0,0.1,.000,2.6,3.5,.736,.725,1.6,2.4,.691,2.1,2.3,4.4,0.8,0.7,0.4,0.9,2.9,6.8
Norman Powell,SG,29,LAC,52,7,25.9,5.7,11.7,.484,2.1,4.9,.423,3.6,6.8,.528,.572,3.6,4.5,.804,0.4,2.6,3.0,1.8,0.8,0.3,1.7,2.0,17.0
Jason Preston,PG,23,LAC,13,0,9.4,1.4,3.2,.439,0.4,1.4,.278,1.0,1.8,.565,.500,0.0,0.2,.000,0.2,1.5,1.7,2.1,0.2,0.0,0.8,0.5,3.2
,,,,,,,,,,,,,,,,,,,,,,,,,,,,
Joshua Primo,SG,20,SAS,4,0,23.3,2.3,6.5,.346,0.8,3.0,.250,1.5,3.5,.429,.404,1.8,2.3,.778,0.5,2.8,3.3,4.5,0.3,0.5,2.8,2.0,7.0
Taurean Prince,SF,28,MIN,37,2,21.3,3.2,6.4,.496,1.4,3.4,.397,1.8,3.0,.609,.602,0.8,1.0,.833,0.3,2.1,2.4,1.6,0.5,0.4,1.2,2.4,8.5
Payton Pritchard,PG,25,BOS,43,2,12.5,1.8,4.5,.402,1.0,2.8,.342,0.9,1.7,.500,.508,0.2,0.3,.692,0.5,1.0,1.5,1.0,0.3,0.0,0.7,0.8,4.8
Trevelin Queen,SG,25,IND,7,0,10.0,1.0,4.1,.241,0.3,2.1,.133,0.7,2.0,.357,.276,0.7,0.7,1.000,1.1,1.3,2.4,0.9,0.3,0.7,1.0,0.6,3.0
Neemias Queta,C,23,SAC,4,0,6.3,1.5,2.0,.750,0.0,0.0,,1.5,2.0,.750,.750,0.0,0.5,.000,1.0,1.3,2.3,0.3,0.0,0.3,0.3,1.8,3.0
Immanuel Quickley,PG,23,NYK,62,10,27.8,4.5,10.2,.442,1.8,5.0,.358,2.7,5.3,.521,.529,2.1,2.5,.822,0.7,3.4,4.0,3.1,0.8,0.2,1.1,2.0,12.9
Julius Randle,PF,28,NYK,63,63,35.8,8.5,18.4,.463,2.8,8.1,.345,5.7,10.3,.556,.539,5.3,7.0,.758,2.1,8.4,10.5,4.1,0.7,0.3,2.8,3.0,25.1
Austin Reaves,SG,24,LAL,43,12,27.7,3.4,6.8,.502,1.2,3.3,.376,2.2,3.5,.620,.593,2.6,2.9,.873,0.6,2.4,3.0,2.2,0.5,0.3,1.3,1.7,10.6
Cam Reddish,SF,23,TOT,25,13,22.9,3.3,7.4,.451,1.1,3.4,.326,2.2,3.9,.561,.527,1.6,1.7,.907,0.4,1.3,1.7,1.3,0.9,0.4,0.8,1.7,9.3
Cam Reddish,SF,23,NYK,20,8,21.9,3.1,6.8,.449,0.9,2.8,.304,2.2,4.0,.550,.511,1.5,1.7,.879,0.4,1.2,1.6,1.0,0.8,0.4,0.8,1.6,8.4
Cam Reddish,SF,23,POR,5,5,27.0,4.4,9.6,.458,2.2,6.0,.367,2.2,3.6,.611,.573,2.0,2.0,1.000,0.6,1.8,2.4,2.6,1.6,0.2,1.2,2.2,13.0
Davon Reed,SG,27,TOT,38,1,8.8,0.7,2.2,.329,0.4,1.2,.378,0.3,1.0,.270,.433,0.4,0.6,.667,0.3,1.3,1.5,0.6,0.4,0.1,0.5,1.0,2.3
Davon Reed,SG,27,DEN,35,1,9.0,0.7,2.3,.313,0.5,1.3,.364,0.3,1.0,.250,.413,0.4,0.6,.750,0.3,1.3,1.6,0.5,0.4,0.1,0.6,1.0,2.3
Davon Reed,SG,27,LAL,3,0,6.0,0.7,0.7,1.000,0.3,0.3,1.000,0.3,0.3,1.000,1.250,0.3,1.3,.250,0.3,0.7,1.0,0.7,0.3,0.0,0.0,0.3,2.0
Paul Reed,C,23,PHI,47,0,9.5,1.3,2.3,.573,0.0,0.1,.000,1.3,2.3,.594,.573,0.4,0.5,.750,1.2,1.9,3.1,0.3,0.6,0.6,0.6,1.8,3.1
Naz Reid,C,23,MIN,55,11,18.1,4.3,8.0,.529,1.0,3.1,.329,3.2,4.9,.658,.594,1.1,1.6,.667,1.1,3.7,4.9,1.1,0.6,0.9,1.3,2.5,10.6
Jared Rhoden,SG,23,DET,1,0,12.0,1.0,3.0,.333,0.0,1.0,.000,1.0,2.0,.500,.333,0.0,0.0,,0.0,1.0,1.0,0.0,0.0,0.0,0.0,3.0,2.0
Nick Richards,C,25,CHO,48,0,17.4,3.0,4.9,.607,0.0,0.0,,3.0,4.9,.607,.607,2.1,2.8,.733,2.4,3.4,5.8,0.5,0.2,1.0,0.8,2.3,8.0
Josh Richardson,SG,29,TOT,47,9,24.2,4.2,9.5,.439,1.7,4.9,.349,2.5,4.6,.535,.529,1.3,1.5,.861,0.7,2.1,2.8,3.2,1.2,0.3,1.5,1.9,11.4
Josh Richardson,SG,29,SAS,42,6,23.7,4.2,9.7,.436,1.8,4.9,.357,2.5,4.7,.518,.527,1.3,1.4,.883,0.7,2.1,2.8,3.3,1.0,0.3,1.5,1.7,11.5
Josh Richardson,SG,29,NOP,5,3,28.4,3.8,8.0,.475,1.2,4.4,.273,2.6,3.6,.722,.550,1.8,2.4,.750,0.2,2.2,2.4,2.8,3.2,0.6,1.2,3.8,10.6
Austin Rivers,SG,30,MIN,48,10,20.8,1.9,4.3,.446,0.9,2.5,.355,1.0,1.7,.578,.551,0.6,0.8,.769,0.1,1.6,1.7,1.5,0.6,0.1,0.5,1.7,5.3
Duncan Robinson,SF,28,MIA,31,0,17.7,2.2,6.1,.356,1.6,4.9,.320,0.6,1.1,.514,.487,0.6,0.7,.909,0.3,1.6,1.9,1.2,0.4,0.0,0.7,2.0,6.5
Mitchell Robinson,C,24,NYK,41,40,27.1,3.2,4.7,.696,0.0,0.0,,3.2,4.7,.696,.696,1.0,2.0,.482,4.2,4.9,9.2,0.9,0.9,1.8,0.5,2.9,7.5
Orlando Robinson,C,22,MIA,29,1,13.7,1.6,3.0,.535,0.0,0.2,.000,1.6,2.8,.568,.535,0.7,1.0,.724,1.5,2.6,4.1,0.7,0.4,0.4,0.5,1.8,3.9
Jeremiah Robinson-Earl,PF,22,OKC,31,18,20.1,2.9,6.3,.464,1.0,2.8,.341,2.0,3.5,.565,.541,0.9,1.1,.794,1.8,2.8,4.5,1.0,0.7,0.4,0.5,1.7,7.7
,,,,,,,,,,,,,,,,,,,,,,,,,,,,
Isaiah Roby,PF,24,SAS,42,2,11.3,1.6,3.7,.432,0.4,1.4,.300,1.2,2.3,.516,.490,0.5,1.0,.488,0.5,2.0,2.5,0.9,0.4,0.2,0.7,1.3,4.1
David Roddy,PF,21,MEM,48,1,17.4,2.4,5.7,.421,0.8,2.9,.292,1.6,2.8,.551,.495,0.6,1.0,.625,0.6,2.0,2.6,0.6,0.5,0.3,0.9,1.5,6.3
Ryan Rollins,PG,20,GSW,12,0,5.2,0.6,1.7,.350,0.3,0.8,.333,0.3,0.9,.364,.425,0.5,0.5,1.000,0.3,0.8,1.0,0.5,0.1,0.1,1.3,0.8,1.9
Derrick Rose,PG,34,NYK,27,0,12.5,2.3,5.9,.384,0.7,2.3,.302,1.6,3.6,.438,.443,0.4,0.4,.917,0.3,1.2,1.5,1.7,0.3,0.2,0.8,0.7,5.6
Terrence Ross,SG,31,TOT,45,9,22.4,3.2,7.3,.433,1.5,3.9,.373,1.7,3.4,.503,.534,0.4,0.5,.727,0.2,1.9,2.2,1.3,0.6,0.2,0.8,1.4,8.1
Terrence Ross,SG,31,ORL,42,9,22.5,3.1,7.1,.431,1.5,3.8,.381,1.6,3.3,.489,.533,0.4,0.5,.750,0.2,1.8,2.0,1.3,0.6,0.2,0.9,1.3,8.0
Terrence Ross,SG,31,PHO,3,0,21.7,4.3,9.7,.448,1.7,5.7,.294,2.7,4.0,.667,.534,0.3,0.7,.500,0.3,3.7,4.0,2.0,0.3,0.0,0.0,2.7,10.7
Terry Rozier,SG,28,CHO,52,52,35.6,7.9,19.0,.414,2.7,8.1,.329,5.2,10.9,.478,.484,2.9,3.6,.827,0.9,3.3,4.2,4.8,1.1,0.3,2.1,1.9,21.4
Ricky Rubio,PG,32,CLE,16,0,16.7,1.7,5.5,.307,0.8,3.1,.265,0.9,2.4,.359,.381,0.9,1.3,.750,0.3,2.1,2.3,3.5,1.1,0.1,0.8,1.6,5.1
D'Angelo Russell,PG,26,TOT,58,58,32.4,6.2,13.3,.464,2.7,6.8,.389,3.5,6.4,.543,.564,2.6,3.1,.850,0.5,2.6,3.1,6.1,1.1,0.4,2.6,2.1,17.6
D'Angelo Russell,PG,26,MIN,54,54,32.9,6.3,13.5,.465,2.7,7.0,.391,3.5,6.4,.546,.567,2.6,3.1,.856,0.5,2.5,3.1,6.2,1.1,0.4,2.7,2.2,17.9
D'Angelo Russell,PG,26,LAL,4,4,24.8,4.8,10.8,.442,1.5,4.3,.353,3.3,6.5,.500,.512,2.5,3.3,.769,0.5,3.0,3.5,5.0,0.3,0.0,1.5,1.3,13.5
Matt Ryan,SF,25,TOT,32,0,9.5,1.3,3.3,.374,1.0,2.6,.386,0.3,0.8,.333,.523,0.3,0.4,.833,0.1,0.7,0.8,0.5,0.2,0.0,0.2,0.8,3.8
Matt Ryan,SF,25,LAL,12,0,10.8,1.3,4.1,.306,1.1,2.9,.371,0.2,1.2,.143,.439,0.3,0.4,.800,0.2,1.0,1.2,0.3,0.2,0.0,0.3,1.2,3.9
Matt Ryan,SF,25,MIN,20,0,8.7,1.3,2.9,.431,1.0,2.4,.396,0.3,0.5,.600,.595,0.3,0.4,.857,0.1,0.5,0.6,0.6,0.2,0.1,0.2,0.7,3.8
Domantas Sabonis,C,26,SAC,58,58,34.5,7.1,11.5,.611,0.4,1.2,.348,6.6,10.3,.642,.629,4.2,5.5,.767,3.0,9.4,12.4,6.9,0.9,0.4,3.0,3.7,18.7
Dario Šarić,PF,28,TOT,41,12,14.1,2.0,4.7,.432,0.7,1.9,.390,1.3,2.8,.461,.510,1.0,1.2,.843,1.0,2.7,3.7,1.5,0.3,0.1,1.0,1.9,5.8
Dario Šarić,PF,28,PHO,37,12,14.4,2.1,4.8,.427,0.7,1.9,.391,1.3,2.9,.450,.503,1.0,1.2,.818,1.1,2.8,3.8,1.5,0.4,0.1,1.0,1.9,5.8
Dario Šarić,PF,28,OKC,4,0,11.5,1.8,3.5,.500,0.8,2.0,.375,1.0,1.5,.667,.607,1.8,1.8,1.000,0.8,2.0,2.8,0.8,0.3,0.0,1.5,1.8,6.0
Jordan Schakel,SF,24,WAS,2,0,3.0,0.5,1.0,.500,0.5,0.5,1.000,0.0,0.5,.000,.750,0.0,0.0,,0.0,0.0,0.0,0.5,0.5,0.0,0.0,0.5,1.5
Admiral Schofield,PF,25,ORL,28,0,12.6,1.6,3.3,.478,0.6,1.9,.333,0.9,1.4,.684,.576,0.6,0.7,.895,0.7,1.2,1.9,0.8,0.2,0.1,0.2,1.9,4.4
Dennis Schröder,PG,29,LAL,47,42,30.7,4.0,9.5,.424,1.2,3.4,.342,2.9,6.1,.470,.485,3.2,3.7,.873,0.3,2.3,2.5,4.3,0.7,0.1,1.6,2.2,12.5
Dereon Seabron,SG,22,NOP,5,0,2.4,0.4,1.0,.400,0.0,0.0,,0.4,1.0,.400,.400,0.0,0.0,,0.2,0.0,0.2,0.0,0.0,0.0,0.0,0.2,0.8
Alperen Şengün,C,20,HOU,55,52,28.1,5.9,10.6,.554,0.2,0.7,.333,5.7,9.9,.570,.565,3.0,3.9,.751,3.2,5.5,8.8,3.8,0.8,0.9,2.5,3.4,15.0
Collin Sexton,SG,24,UTA,47,15,24.0,4.9,9.7,.507,1.0,2.5,.410,3.9,7.2,.540,.559,3.4,4.2,.822,0.8,1.4,2.2,2.9,0.6,0.1,1.8,2.3,14.3
Landry Shamet,SG,25,PHO,30,7,21.4,3.1,8.1,.380,2.0,5.4,.377,1.0,2.7,.388,.506,1.4,1.5,.911,0.3,1.4,1.7,2.2,0.6,0.2,1.0,1.5,9.5
Day'Ron Sharpe,C,21,BRK,33,2,10.4,1.7,3.1,.545,0.1,0.2,.667,1.5,2.9,.537,.564,0.5,0.8,.593,1.7,2.2,3.8,0.8,0.2,0.5,0.9,1.9,3.9
Shaedon Sharpe,SG,19,POR,59,5,20.2,3.2,6.7,.471,1.0,2.8,.347,2.2,3.9,.561,.544,0.5,0.8,.667,0.8,1.7,2.5,0.6,0.4,0.3,0.7,1.6,7.9
,,,,,,,,,,,,,,,,,,,,,,,,,,,,
Pascal Siakam,C,28,TOR,52,52,37.5,9.1,19.0,.479,1.4,4.1,.349,7.6,14.8,.515,.517,5.7,7.5,.768,1.8,5.9,7.7,6.1,0.8,0.6,2.5,3.3,25.3
Chris Silva,PF,26,DAL,1,0,3.0,1.0,1.0,1.000,0.0,0.0,,1.0,1.0,1.000,1.000,0.0,0.0,,0.0,0.0,0.0,0.0,0.0,0.0,1.0,2.0,2.0
Ben Simmons,PG,26,BRK,42,33,26.3,3.2,5.6,.566,0.0,0.0,.000,3.2,5.5,.571,.566,0.6,1.4,.439,1.0,5.3,6.3,6.1,1.3,0.6,2.3,3.3,6.9
Marko Simonovic,C,23,CHI,3,0,1.7,0.0,0.3,.000,0.0,0.3,.000,0.0,0.0,,.000,0.0,0.0,,0.0,0.0,0.0,0.0,0.0,0.0,0.0,0.3,0.0
Anfernee Simons,SG,23,POR,56,56,35.5,7.6,16.9,.450,3.5,9.2,.381,4.1,7.8,.532,.553,2.6,2.9,.913,0.3,2.4,2.7,4.2,0.7,0.2,2.2,2.4,21.4
Jericho Sims,C,24,NYK,48,16,16.1,1.7,2.2,.769,0.0,0.0,.000,1.7,2.1,.777,.769,0.3,0.3,.750,1.9,2.9,4.8,0.5,0.3,0.6,0.5,1.9,3.6
Marcus Smart,PG,28,BOS,45,45,32.3,4.1,9.6,.426,1.8,5.3,.329,2.3,4.3,.547,.517,1.4,1.8,.768,0.7,2.8,3.5,6.8,1.4,0.4,2.4,2.6,11.3
Dennis Smith Jr.,PG,25,CHO,41,12,25.3,3.4,8.0,.425,0.4,1.9,.218,3.0,6.1,.490,.451,1.3,1.7,.761,0.4,2.3,2.7,4.4,1.4,0.4,1.5,2.2,8.5
Dru Smith,SG,25,TOT,8,1,12.1,1.3,2.9,.435,0.3,1.3,.200,1.0,1.6,.615,.478,0.0,0.0,,0.1,1.8,1.9,1.3,1.0,0.4,0.3,1.6,2.8
Dru Smith,SG,25,MIA,5,1,13.4,1.0,2.8,.357,0.2,1.2,.167,0.8,1.6,.500,.393,0.0,0.0,,0.2,1.6,1.8,1.0,0.8,0.6,0.2,2.0,2.2
Dru Smith,SG,25,BRK,3,0,10.0,1.7,3.0,.556,0.3,1.3,.250,1.3,1.7,.800,.611,0.0,0.0,,0.0,2.0,2.0,1.7,1.3,0.0,0.3,1.0,3.7
Ish Smith,PG,34,DEN,31,0,10.2,1.4,3.2,.424,0.1,0.2,.333,1.3,3.0,.430,.434,0.0,0.1,.500,0.1,1.3,1.4,2.4,0.2,0.2,1.2,0.9,2.8
Jabari Smith Jr.,PF,19,HOU,57,57,30.1,4.2,10.9,.384,1.6,5.3,.297,2.6,5.7,.464,.455,2.0,2.6,.788,1.3,5.8,7.1,1.2,0.5,1.0,1.5,2.9,12.0
Jalen Smith,PF,22,IND,52,28,18.2,3.4,7.4,.460,0.8,2.9,.276,2.6,4.4,.580,.514,1.5,1.9,.760,1.8,3.8,5.6,0.9,0.3,0.8,1.1,2.1,9.0
Jeremy Sochan,PF,19,SAS,49,46,26.0,4.1,9.2,.448,0.6,2.3,.261,3.6,7.0,.509,.480,1.3,1.9,.695,1.7,3.2,4.9,2.5,0.7,0.4,1.7,2.5,10.2
Jaden Springer,SG,20,PHI,7,0,3.7,1.0,1.7,.583,0.0,0.0,,1.0,1.7,.583,.583,0.4,0.6,.750,0.6,0.4,1.0,0.1,0.3,0.3,0.1,1.0,2.4
Lamar Stevens,PF,25,CLE,45,18,17.4,2.0,4.4,.457,0.4,1.5,.303,1.6,3.0,.534,.508,0.6,0.9,.718,0.6,2.4,3.0,0.6,0.4,0.3,0.5,1.2,5.1
Isaiah Stewart,C,21,DET,50,47,28.3,3.9,8.8,.442,1.3,4.1,.327,2.6,4.7,.542,.518,2.2,3.0,.738,2.3,5.8,8.1,1.4,0.4,0.7,1.4,2.7,11.3
Max Strus,SF,26,MIA,60,27,29.9,4.3,10.7,.399,2.5,7.6,.336,1.8,3.2,.550,.517,1.2,1.3,.875,0.7,2.8,3.6,2.2,0.6,0.2,1.0,2.2,12.3
Jalen Suggs,PG,21,ORL,37,14,23.0,3.3,8.1,.411,1.1,3.7,.304,2.2,4.4,.503,.482,1.6,2.2,.707,0.9,1.9,2.8,3.3,1.2,0.5,1.9,2.4,9.4
Edmond Sumner,SG,27,BRK,46,12,14.5,2.5,5.3,.459,0.6,1.8,.346,1.8,3.6,.515,.516,1.9,2.1,.926,0.2,1.3,1.6,1.4,0.7,0.2,1.0,1.7,7.4
Cole Swider,SF,23,LAL,6,0,6.7,0.5,1.5,.333,0.5,1.3,.375,0.0,0.2,.000,.500,0.0,0.0,,0.2,1.0,1.2,0.7,0.0,0.0,0.0,0.5,1.5
,,,,,,,,,,,,,,,,,,,,,,,,,,,,
Jae'Sean Tate,SF,27,HOU,22,7,21.5,3.4,7.2,.468,0.4,1.4,.290,3.0,5.8,.512,.497,1.3,1.9,.667,1.5,2.2,3.7,2.6,0.6,0.2,1.6,3.3,8.4
Jayson Tatum,PF,24,BOS,58,58,37.3,9.8,21.3,.460,3.3,9.3,.351,6.5,12.0,.544,.536,7.2,8.4,.864,1.1,7.6,8.7,4.7,1.0,0.8,3.0,2.1,30.1
Terry Taylor,PF,23,TOT,27,2,8.6,1.2,2.5,.478,0.1,0.7,.222,1.0,1.8,.571,.507,0.2,0.3,.714,0.8,0.6,1.4,0.4,0.1,0.2,0.3,0.9,2.7
Terry Taylor,PF,23,IND,26,2,8.8,1.2,2.5,.462,0.2,0.7,.222,1.0,1.8,.553,.492,0.2,0.3,.714,0.8,0.7,1.5,0.4,0.1,0.2,0.3,0.9,2.7
Terry Taylor,PF,23,CHI,1,0,4.0,2.0,2.0,1.000,0.0,0.0,,2.0,2.0,1.000,1.000,0.0,0.0,,0.0,0.0,0.0,0.0,0.0,0.0,0.0,1.0,4.0
Garrett Temple,SG,36,NOP,19,0,7.0,0.8,1.9,.405,0.5,1.1,.429,0.3,0.8,.375,.527,0.2,0.2,.750,0.1,0.5,0.6,0.5,0.5,0.1,0.2,0.7,2.2
Dalen Terry,SG,20,CHI,25,0,5.1,0.7,1.6,.450,0.2,0.6,.333,0.5,1.0,.520,.513,0.2,0.4,.500,0.3,0.5,0.8,0.6,0.2,0.2,0.2,0.4,1.8
Daniel Theis,C,30,IND,7,1,15.6,3.0,6.3,.477,0.3,1.6,.182,2.7,4.7,.576,.500,0.7,1.7,.417,1.0,2.1,3.1,1.3,0.3,0.9,0.4,1.0,7.0
Cam Thomas,SG,21,BRK,43,3,17.2,3.7,8.1,.454,0.9,2.3,.412,2.8,5.9,.470,.511,3.0,3.6,.850,0.2,1.5,1.7,1.6,0.4,0.1,1.0,1.0,11.3
Klay Thompson,SG,32,GSW,49,49,32.7,7.9,18.4,.428,4.4,10.8,.408,3.5,7.7,.456,.548,1.9,2.1,.892,0.7,3.3,3.9,2.4,0.7,0.3,1.7,2.0,22.1
JT Thor,PF,20,CHO,50,2,11.2,0.9,2.5,.373,0.3,1.2,.258,0.6,1.3,.484,.437,0.4,0.6,.621,0.5,1.2,1.7,0.4,0.3,0.2,0.4,0.8,2.6
Matisse Thybulle,SG,25,TOT,53,10,13.4,1.2,2.6,.436,0.5,1.5,.354,0.6,1.2,.541,.536,0.2,0.2,.692,0.4,1.0,1.5,0.6,1.0,0.3,0.2,1.5,3.0
Matisse Thybulle,SG,25,PHI,49,6,12.1,1.0,2.4,.431,0.4,1.3,.333,0.6,1.1,.547,.522,0.2,0.2,.750,0.4,0.9,1.3,0.5,0.9,0.3,0.2,1.3,2.7
Matisse Thybulle,SG,25,POR,4,4,29.8,2.8,6.0,.458,1.8,4.0,.438,1.0,2.0,.500,.604,0.0,0.3,.000,0.5,3.0,3.5,1.8,2.3,1.0,0.8,3.8,7.3
Xavier Tillman Sr.,PF,24,MEM,40,9,15.4,2.3,3.7,.612,0.1,0.3,.300,2.2,3.4,.635,.622,0.8,1.5,.517,1.8,2.3,4.1,1.2,0.8,0.4,0.6,1.3,5.4
Isaiah Todd,PF,21,WAS,4,0,3.3,0.3,1.0,.250,0.0,0.8,.000,0.3,0.3,1.000,.250,0.0,0.0,,0.0,0.0,0.0,0.0,0.0,0.0,0.0,0.0,0.5
Obi Toppin,PF,24,NYK,48,0,14.8,2.3,5.6,.414,1.1,3.3,.346,1.2,2.3,.514,.517,0.5,0.7,.758,0.5,2.6,3.1,0.8,0.3,0.2,0.5,1.0,6.3
Juan Toscano-Anderson,SF,29,TOT,33,7,12.6,1.1,2.2,.486,0.2,0.7,.217,0.9,1.5,.608,.520,0.3,0.5,.733,0.5,1.8,2.3,0.9,0.4,0.2,0.6,1.6,2.7
Juan Toscano-Anderson,SF,29,LAL,30,7,12.2,1.1,2.2,.500,0.1,0.7,.200,1.0,1.5,.630,.530,0.4,0.5,.733,0.5,1.6,2.0,0.8,0.3,0.2,0.6,1.5,2.7
Juan Toscano-Anderson,SF,29,UTA,3,0,16.7,1.0,2.7,.375,0.3,1.0,.333,0.7,1.7,.400,.438,0.0,0.0,,0.7,4.3,5.0,1.3,0.7,0.3,1.0,2.0,2.3
Karl-Anthony Towns,PF,27,MIN,21,21,33.8,7.3,14.4,.505,1.8,5.6,.325,5.5,8.9,.618,.568,4.4,5.0,.885,1.7,6.5,8.2,5.3,0.8,0.7,3.1,3.9,20.8
Gary Trent Jr.,SG,24,TOR,53,43,33.6,6.5,14.9,.434,2.6,7.2,.366,3.8,7.6,.499,.523,2.9,3.4,.840,0.4,2.1,2.5,1.6,1.6,0.3,0.9,1.7,18.4
P.J. Tucker,PF,37,PHI,58,58,26.2,1.3,2.9,.435,0.7,1.7,.426,0.5,1.2,.449,.562,0.3,0.4,.864,1.3,2.8,4.1,0.8,0.5,0.2,0.7,2.4,3.6
Myles Turner,C,26,IND,52,52,29.9,6.5,11.9,.545,1.7,4.2,.402,4.8,7.7,.623,.616,3.5,4.4,.787,1.6,6.4,8.0,1.3,0.6,2.3,1.7,3.3,18.1
Stanley Umude,SG,23,DET,1,0,2.0,0.0,1.0,.000,0.0,1.0,.000,0.0,0.0,,.000,2.0,2.0,1.000,0.0,0.0,0.0,0.0,1.0,1.0,0.0,0.0,2.0
Jonas Valančiūnas,C,30,NOP,61,61,24.9,5.6,10.4,.542,0.5,1.5,.337,5.1,8.9,.577,.566,2.5,3.0,.821,2.8,6.9,9.7,1.7,0.3,0.5,1.9,3.1,14.2
,,,,,,,,,,,,,,,,,,,,,,,,,,,,
Jarred Vanderbilt,PF,23,TOT,57,44,24.0,3.4,5.9,.567,0.4,1.0,.339,3.0,4.9,.615,.596,1.3,1.9,.676,2.4,5.6,7.9,2.7,1.1,0.3,1.3,2.5,8.3
Jarred Vanderbilt,PF,23,UTA,52,41,24.1,3.3,6.0,.556,0.4,1.1,.333,3.0,4.9,.606,.587,1.3,2.0,.657,2.3,5.5,7.9,2.7,1.0,0.3,1.3,2.6,8.3
Jarred Vanderbilt,PF,23,LAL,5,3,22.4,3.6,5.2,.692,0.2,0.4,.500,3.4,4.8,.708,.712,1.2,1.2,1.000,3.0,5.8,8.8,2.4,1.6,0.2,1.0,1.8,8.6
Fred VanVleet,PG,28,TOR,50,50,36.9,6.4,16.3,.394,3.0,8.7,.344,3.4,7.6,.451,.486,3.8,4.3,.893,0.5,3.8,4.3,6.6,1.6,0.6,1.9,2.9,19.7
Devin Vassell,SG,22,SAS,29,24,31.3,7.1,16.0,.445,2.8,7.0,.404,4.3,9.0,.477,.533,2.4,3.0,.793,0.2,3.8,4.0,3.6,1.2,0.4,1.6,1.4,19.4
Gabe Vincent,PG,26,MIA,48,14,26.3,3.4,8.6,.396,1.8,5.4,.327,1.6,3.2,.513,.499,1.2,1.4,.877,0.4,1.9,2.3,2.5,0.9,0.1,1.5,2.5,9.8
Noah Vonleh,C,27,BOS,23,1,7.4,0.5,1.0,.458,0.0,0.2,.250,0.4,0.9,.500,.479,0.1,0.1,1.000,0.8,1.3,2.1,0.3,0.1,0.3,0.5,1.5,1.1
Nikola Vučević,C,32,CHI,61,61,33.9,7.3,14.1,.514,1.6,4.6,.349,5.7,9.5,.595,.571,1.6,1.9,.822,2.1,9.4,11.5,3.3,0.7,0.8,1.7,2.2,17.8
Dean Wade,PF,26,CLE,34,9,20.9,1.8,4.2,.434,1.1,2.9,.380,0.7,1.3,.558,.566,0.4,0.7,.652,0.5,3.2,3.7,0.9,0.7,0.5,0.4,2.2,5.2
Franz Wagner,SF,21,ORL,61,61,33.2,6.9,14.1,.485,1.7,4.6,.369,5.2,9.5,.541,.545,3.4,4.1,.833,0.9,3.1,4.0,3.5,0.9,0.2,2.1,2.3,18.8
Moritz Wagner,C,25,ORL,41,14,21.0,3.6,7.4,.492,1.0,3.1,.318,2.6,4.2,.621,.559,2.9,3.4,.855,1.3,3.3,4.6,1.7,0.7,0.2,1.2,2.7,11.1
Ish Wainright,SF,28,PHO,44,1,15.5,1.5,3.8,.389,1.0,2.8,.344,0.5,1.0,.524,.518,0.5,0.6,.840,0.8,1.3,2.2,1.0,0.8,0.3,0.4,2.0,4.4
Jabari Walker,SF,20,POR,40,0,9.1,1.1,2.4,.443,0.1,0.7,.192,1.0,1.8,.535,.469,0.5,0.7,.724,0.8,1.2,2.1,0.5,0.1,0.2,0.4,1.0,2.8
Kemba Walker,PG,32,DAL,9,1,16.0,2.7,6.3,.421,0.8,3.1,.250,1.9,3.2,.586,.482,1.9,2.3,.810,0.3,1.4,1.8,2.1,0.2,0.2,0.4,1.2,8.0
Lonnie Walker IV,SG,24,LAL,44,32,25.9,4.7,10.3,.454,1.7,4.7,.369,2.9,5.6,.524,.538,1.8,2.0,.885,0.3,1.8,2.0,1.3,0.6,0.3,0.9,1.4,12.8
John Wall,PG,32,LAC,34,3,22.2,4.1,9.9,.408,1.0,3.2,.303,3.1,6.7,.459,.457,2.3,3.3,.681,0.4,2.3,2.7,5.2,0.8,0.4,2.4,1.7,11.4
T.J. Warren,PF-SF,29,TOT,28,0,18.0,3.8,7.3,.512,0.6,1.8,.347,3.1,5.6,.564,.554,1.0,1.2,.818,0.5,2.3,2.8,1.0,0.6,0.3,0.6,1.6,9.1
T.J. Warren,PF,29,BRK,26,0,18.8,3.9,7.7,.510,0.6,1.8,.333,3.3,5.8,.566,.550,1.0,1.3,.818,0.5,2.3,2.8,1.1,0.6,0.3,0.7,1.7,9.5
T.J. Warren,SF,29,PHO,2,0,7.5,1.5,2.5,.600,0.5,0.5,1.000,1.0,2.0,.500,.700,0.0,0.0,,0.5,2.0,2.5,0.0,0.5,0.0,0.0,0.5,3.5
Duane Washington Jr.,SG,22,PHO,31,3,12.7,3.0,8.3,.367,1.3,3.6,.360,1.7,4.7,.372,.445,0.5,0.8,.667,0.1,1.1,1.2,2.0,0.2,0.1,1.1,0.7,7.9
P.J. Washington,PF,24,CHO,60,60,32.9,5.8,13.0,.444,2.0,5.8,.350,3.8,7.2,.518,.521,1.7,2.3,.748,1.0,3.7,4.8,2.4,0.9,1.1,1.4,2.7,15.3
TyTy Washington Jr.,PG,21,HOU,25,2,14.3,1.9,5.3,.361,0.6,2.5,.222,1.4,2.8,.486,.414,0.4,0.6,.625,0.1,1.4,1.5,1.6,0.5,0.0,0.4,1.1,4.8
Yuta Watanabe,SF,28,BRK,44,0,17.8,2.3,4.4,.521,1.2,2.5,.482,1.1,1.9,.571,.657,0.7,0.9,.744,0.6,1.9,2.5,0.9,0.4,0.3,0.4,1.5,6.5
Lindy Waters III,SG,25,OKC,25,0,11.2,1.4,3.6,.396,1.2,3.4,.369,0.2,0.3,.714,.566,0.2,0.3,.750,0.3,1.4,1.7,0.7,0.4,0.2,0.2,0.9,4.4
,,,,,,,,,,,,,,,,,,,,,,,,,,,,
Trendon Watford,PF,22,POR,44,2,16.4,2.1,3.7,.578,0.4,0.8,.485,1.8,2.9,.602,.627,1.1,1.6,.714,0.6,2.7,3.3,1.7,0.3,0.1,1.0,1.9,5.7
Peyton Watson,SG,20,DEN,13,0,3.2,0.8,1.4,.556,0.2,0.2,.667,0.6,1.2,.533,.611,0.0,0.2,.000,0.2,0.4,0.6,0.1,0.0,0.1,0.2,0.2,1.7
Blake Wesley,SG,19,SAS,17,1,13.9,1.7,4.6,.372,0.5,1.2,.429,1.2,3.4,.351,.429,0.5,0.9,.600,0.2,1.4,1.5,1.5,0.4,0.1,1.4,1.9,4.5
Russell Westbrook,PG,34,TOT,54,5,28.8,5.9,13.9,.422,1.2,4.1,.297,4.7,9.9,.473,.465,3.0,4.5,.664,1.1,5.0,6.1,7.6,1.1,0.4,3.6,2.4,15.9
Russell Westbrook,PG,34,LAL,52,3,28.7,5.8,14.0,.417,1.2,4.1,.296,4.6,9.9,.467,.460,3.0,4.6,.655,1.1,5.0,6.2,7.5,1.0,0.4,3.5,2.3,15.9
Russell Westbrook,PG,34,LAC,2,2,32.5,6.5,11.5,.565,1.0,3.0,.333,5.5,8.5,.647,.609,3.0,3.0,1.000,0.5,4.5,5.0,9.0,3.0,0.0,4.5,4.5,17.0
Coby White,SG,22,CHI,53,1,22.4,3.2,7.5,.423,1.6,4.6,.355,1.5,2.9,.529,.531,0.9,1.0,.836,0.2,2.5,2.7,2.0,0.7,0.1,0.8,1.7,8.9
Derrick White,SG,28,BOS,62,52,27.7,4.1,9.0,.455,1.8,4.7,.384,2.3,4.4,.531,.554,2.0,2.3,.864,0.6,2.8,3.3,3.8,0.7,0.9,1.1,2.2,12.0
Jack White,SF,25,DEN,15,0,3.1,0.5,1.1,.438,0.2,0.5,.375,0.3,0.5,.500,.531,0.1,0.2,.667,0.2,0.3,0.5,0.1,0.1,0.1,0.1,0.5,1.3
Joe Wieskamp,SF,23,TOR,3,0,8.0,1.0,2.7,.375,1.0,2.3,.429,0.0,0.3,.000,.563,0.0,0.0,,0.0,0.7,0.7,0.3,0.0,0.0,0.3,0.3,3.0
Aaron Wiggins,SG,24,OKC,48,12,18.5,2.4,4.8,.504,0.7,1.7,.398,1.8,3.1,.564,.575,0.8,1.0,.830,1.0,2.1,3.1,1.4,0.5,0.2,0.8,1.6,6.4
Andrew Wiggins,SF,27,GSW,37,37,32.2,6.8,14.3,.473,2.4,6.1,.396,4.4,8.2,.530,.557,1.2,1.9,.611,1.6,3.4,5.0,2.3,1.2,0.8,1.3,2.9,17.1
Alondes Williams,SG,23,BRK,1,0,5.0,0.0,0.0,,0.0,0.0,,0.0,0.0,,,0.0,0.0,,0.0,1.0,1.0,0.0,0.0,0.0,2.0,1.0,0.0
Grant Williams,PF,24,BOS,61,21,27.3,2.8,6.2,.457,1.5,3.7,.404,1.3,2.5,.536,.577,1.3,1.6,.827,1.1,3.7,4.8,1.8,0.6,0.4,1.1,2.6,8.4
Jalen Williams,SG,21,OKC,56,43,29.2,5.0,9.8,.509,0.9,2.7,.325,4.1,7.1,.580,.554,1.6,2.0,.763,1.0,3.2,4.2,2.9,1.3,0.5,1.6,2.6,12.4
Jaylin Williams,PF,20,OKC,28,15,16.4,2.1,4.4,.472,0.9,1.8,.480,1.2,2.6,.466,.569,0.6,1.0,.667,0.8,3.8,4.6,1.5,0.4,0.2,0.7,1.9,5.6
Kenrich Williams,PF,28,OKC,52,10,22.6,3.3,6.5,.516,1.0,2.5,.379,2.4,3.9,.605,.591,0.3,0.7,.432,1.8,3.1,4.9,2.0,0.8,0.3,0.6,2.1,8.0
Mark Williams,C,21,CHO,32,7,16.8,3.3,5.2,.648,0.0,0.0,,3.3,5.2,.648,.648,1.5,2.0,.723,1.9,4.3,6.2,0.4,0.7,1.2,0.8,2.2,8.2
Patrick Williams,PF,21,CHI,61,58,28.9,3.8,8.3,.460,1.4,3.4,.405,2.4,4.9,.500,.544,1.1,1.3,.863,1.0,3.4,4.4,1.4,0.8,0.8,1.3,1.9,10.2
Robert Williams,C,25,BOS,26,16,24.2,3.9,5.2,.750,0.0,0.0,.000,3.9,5.2,.756,.750,0.6,1.0,.600,3.1,5.5,8.6,1.5,0.5,1.1,0.9,1.8,8.4
Vince Williams Jr.,SG,22,MEM,9,0,5.4,0.3,1.4,.231,0.1,1.0,.111,0.2,0.4,.500,.269,0.0,0.0,,0.2,0.6,0.8,0.3,0.4,0.1,0.1,0.7,0.8
Ziaire Williams,SF,21,MEM,29,3,16.9,2.3,5.5,.419,0.7,2.8,.244,1.6,2.7,.603,.481,0.4,0.6,.765,0.4,2.0,2.4,0.8,0.4,0.2,1.0,1.8,5.8
,,,,,,,,,,,,,,,,,,,,,,,,,,,,
Zion Williamson,PF,22,NOP,29,29,33.0,9.8,16.2,.608,0.2,0.7,.368,9.6,15.5,.618,.615,6.1,8.6,.714,2.0,5.0,7.0,4.6,1.1,0.6,3.4,2.2,26.0
Justise Winslow,SF,26,POR,29,11,26.8,2.8,6.8,.409,0.5,1.6,.311,2.3,5.3,.438,.444,0.7,1.0,.714,1.7,3.3,5.0,3.4,1.0,0.4,1.5,3.1,6.8
James Wiseman,C,21,TOT,25,2,14.2,3.3,5.3,.617,0.1,0.2,.333,3.2,5.1,.630,.624,1.2,1.8,.674,1.0,3.2,4.2,0.6,0.1,0.3,0.8,2.0,7.9
James Wiseman,C,21,GSW,21,0,12.5,2.8,4.5,.628,0.0,0.1,.500,2.8,4.4,.630,.633,1.2,1.8,.684,0.9,2.6,3.5,0.7,0.1,0.3,0.7,1.9,6.9
James Wiseman,C,21,DET,4,2,23.5,5.8,9.8,.590,0.3,1.0,.250,5.5,8.8,.629,.603,1.3,2.0,.625,2.0,6.0,8.0,0.0,0.0,0.3,1.3,2.5,13.0
Christian Wood,C,27,DAL,50,17,27.4,6.4,12.2,.525,1.7,4.6,.376,4.7,7.6,.615,.595,3.2,4.1,.763,1.4,6.6,8.0,1.7,0.4,1.2,1.9,2.7,17.6
Delon Wright,PG,30,WAS,31,3,22.6,2.5,5.3,.467,0.9,2.4,.360,1.6,2.9,.556,.548,0.9,1.0,.903,1.1,2.1,3.2,3.5,1.9,0.3,1.0,1.3,6.7
McKinley Wright IV,PG,24,DAL,20,1,10.3,1.2,2.5,.469,0.2,0.7,.286,1.0,1.8,.543,.510,0.4,0.6,.636,0.3,1.0,1.3,1.9,0.4,0.2,0.6,0.9,2.9
Thaddeus Young,PF,34,TOR,49,9,15.5,2.1,3.8,.562,0.1,0.6,.161,2.0,3.1,.643,.576,0.4,0.5,.692,1.4,1.8,3.2,1.4,1.1,0.1,0.8,1.8,4.7
Trae Young,PG,24,ATL,54,54,35.3,8.5,19.8,.429,2.2,6.6,.327,6.3,13.1,.481,.484,7.9,8.9,.889,0.7,2.2,2.9,10.2,1.1,0.1,4.1,1.5,27.0
Cody Zeller,C,30,MIA,3,0,15.7,2.7,4.0,.667,0.0,0.0,,2.7,4.0,.667,.667,1.0,2.0,.500,1.7,1.0,2.7,1.0,0.3,1.0,0.7,3.0,6.3
Ivica Zubac,C,25,LAC,59,59,29.4,4.0,6.5,.617,0.0,0.0,.000,4.0,6.5,.620,.617,2.2,3.1,.699,3.3,6.8,10.1,1.1,0.4,1.3,1.7,2.9,10.2
